{
    "LMA": {
        "precision": 0.39622641509433965,
        "recall": 0.40384615384615385,
        "f1-score": 0.39999999999999997,
        "support": 52
    },
    "LAD": {
        "precision": 0.3761904761904762,
        "recall": 0.6583333333333333,
        "f1-score": 0.4787878787878789,
        "support": 120
    },
    "LCX": {
        "precision": 0.3582089552238806,
        "recall": 0.5217391304347826,
        "f1-score": 0.4247787610619469,
        "support": 138
    },
    "D": {
        "precision": 0.0,
        "recall": 0.0,
        "f1-score": 0.0,
        "support": 68
    },
    "OM": {
        "precision": 0.0,
        "recall": 0.0,
        "f1-score": 0.0,
        "support": 86
    },
    "accuracy": 0.3706896551724138,
    "macro avg": {
        "precision": 0.2261251693017393,
        "recall": 0.31678372352285394,
        "f1-score": 0.26071332796996516,
        "support": 464
    },
    "weighted avg": {
        "precision": 0.248231608941074,
        "recall": 0.3706896551724138,
        "f1-score": 0.29498710017477187,
        "support": 464
    }
}