{
    "LMA": {
        "precision": 0.0,
        "recall": 0.0,
        "f1-score": 0.0,
        "support": 52
    },
    "LAD": {
        "precision": 0.5833333333333334,
        "recall": 0.058333333333333334,
        "f1-score": 0.10606060606060606,
        "support": 120
    },
    "LCX": {
        "precision": 0.3030973451327434,
        "recall": 0.9927536231884058,
        "f1-score": 0.46440677966101696,
        "support": 138
    },
    "D": {
        "precision": 0.0,
        "recall": 0.0,
        "f1-score": 0.0,
        "support": 68
    },
    "OM": {
        "precision": 0.0,
        "recall": 0.0,
        "f1-score": 0.0,
        "support": 86
    },
    "accuracy": 0.3103448275862069,
    "macro avg": {
        "precision": 0.17728613569321533,
        "recall": 0.21021739130434783,
        "f1-score": 0.1140934771443246,
        "support": 464
    },
    "weighted avg": {
        "precision": 0.24100740006103144,
        "recall": 0.3103448275862069,
        "f1-score": 0.16555044896657992,
        "support": 464
    }
}