{
    "LMA": {
        "precision": 0.0,
        "recall": 0.0,
        "f1-score": 0.0,
        "support": 52
    },
    "LAD": {
        "precision": 0.0,
        "recall": 0.0,
        "f1-score": 0.0,
        "support": 120
    },
    "LCX": {
        "precision": 0.2974137931034483,
        "recall": 1.0,
        "f1-score": 0.45847176079734214,
        "support": 138
    },
    "D": {
        "precision": 0.0,
        "recall": 0.0,
        "f1-score": 0.0,
        "support": 68
    },
    "OM": {
        "precision": 0.0,
        "recall": 0.0,
        "f1-score": 0.0,
        "support": 86
    },
    "accuracy": 0.2974137931034483,
    "macro avg": {
        "precision": 0.059482758620689656,
        "recall": 0.2,
        "f1-score": 0.09169435215946843,
        "support": 464
    },
    "weighted avg": {
        "precision": 0.08845496432818074,
        "recall": 0.2974137931034483,
        "f1-score": 0.13635582540955435,
        "support": 464
    }
}