{
    "LMA": {
        "precision": 0.7941176470588235,
        "recall": 0.5192307692307693,
        "f1-score": 0.627906976744186,
        "support": 52
    },
    "LAD": {
        "precision": 0.5660377358490566,
        "recall": 0.25,
        "f1-score": 0.3468208092485549,
        "support": 120
    },
    "LCX": {
        "precision": 0.36923076923076925,
        "recall": 0.17391304347826086,
        "f1-score": 0.23645320197044337,
        "support": 138
    },
    "D": {
        "precision": 0.0,
        "recall": 0.0,
        "f1-score": 0.0,
        "support": 68
    },
    "OM": {
        "precision": 0.24358974358974358,
        "recall": 0.8837209302325582,
        "f1-score": 0.38190954773869346,
        "support": 86
    },
    "accuracy": 0.33836206896551724,
    "macro avg": {
        "precision": 0.3945951791456786,
        "recall": 0.36537294858831765,
        "f1-score": 0.31861810714037553,
        "support": 464
    },
    "weighted avg": {
        "precision": 0.3903474354558399,
        "recall": 0.33836206896551724,
        "f1-score": 0.3011733251680454,
        "support": 464
    }
}