{
    "LMA": {
        "precision": 0.0,
        "recall": 0.0,
        "f1-score": 0.0,
        "support": 52
    },
    "LAD": {
        "precision": 0.3615023474178404,
        "recall": 0.6581196581196581,
        "f1-score": 0.4666666666666667,
        "support": 117
    },
    "LCX": {
        "precision": 0.33755274261603374,
        "recall": 0.5970149253731343,
        "f1-score": 0.43126684636118595,
        "support": 134
    },
    "D": {
        "precision": 0.0,
        "recall": 0.0,
        "f1-score": 0.0,
        "support": 65
    },
    "OM": {
        "precision": 0.0,
        "recall": 0.0,
        "f1-score": 0.0,
        "support": 82
    },
    "accuracy": 0.3488888888888889,
    "macro avg": {
        "precision": 0.1398110180067748,
        "recall": 0.2510269166985585,
        "f1-score": 0.17958670260557053,
        "support": 450
    },
    "weighted avg": {
        "precision": 0.1945063159076352,
        "recall": 0.3488888888888889,
        "f1-score": 0.2497550164719976,
        "support": 450
    }
}