{
    "LMA": {
        "precision": 0.0,
        "recall": 0.0,
        "f1-score": 0.0,
        "support": 52
    },
    "LAD": {
        "precision": 0.4444444444444444,
        "recall": 0.13675213675213677,
        "f1-score": 0.20915032679738566,
        "support": 117
    },
    "LCX": {
        "precision": 0.30193236714975846,
        "recall": 0.9328358208955224,
        "f1-score": 0.4562043795620438,
        "support": 134
    },
    "D": {
        "precision": 0.0,
        "recall": 0.0,
        "f1-score": 0.0,
        "support": 65
    },
    "OM": {
        "precision": 0.0,
        "recall": 0.0,
        "f1-score": 0.0,
        "support": 82
    },
    "accuracy": 0.31333333333333335,
    "macro avg": {
        "precision": 0.1492753623188406,
        "recall": 0.21391759152953185,
        "f1-score": 0.13307094127188587,
        "support": 450
    },
    "weighted avg": {
        "precision": 0.20546430488459475,
        "recall": 0.31333333333333335,
        "f1-score": 0.19022661132579552,
        "support": 450
    }
}