{
    "LMA": {
        "precision": 0.0,
        "recall": 0.0,
        "f1-score": 0.0,
        "support": 52
    },
    "LAD": {
        "precision": 0.3741496598639456,
        "recall": 0.4700854700854701,
        "f1-score": 0.4166666666666667,
        "support": 117
    },
    "LCX": {
        "precision": 0.3234323432343234,
        "recall": 0.7313432835820896,
        "f1-score": 0.4485125858123569,
        "support": 134
    },
    "D": {
        "precision": 0.0,
        "recall": 0.0,
        "f1-score": 0.0,
        "support": 65
    },
    "OM": {
        "precision": 0.0,
        "recall": 0.0,
        "f1-score": 0.0,
        "support": 82
    },
    "accuracy": 0.34,
    "macro avg": {
        "precision": 0.1395164006196538,
        "recall": 0.24028575073351194,
        "f1-score": 0.17303585049580472,
        "support": 450
    },
    "weighted avg": {
        "precision": 0.19358987599440214,
        "recall": 0.34,
        "f1-score": 0.24189041444190182,
        "support": 450
    }
}