{
    "LMA": {
        "precision": 0.0,
        "recall": 0.0,
        "f1-score": 0.0,
        "support": 52
    },
    "LAD": {
        "precision": 0.0,
        "recall": 0.0,
        "f1-score": 0.0,
        "support": 117
    },
    "LCX": {
        "precision": 0.29777777777777775,
        "recall": 1.0,
        "f1-score": 0.4589041095890411,
        "support": 134
    },
    "D": {
        "precision": 0.0,
        "recall": 0.0,
        "f1-score": 0.0,
        "support": 65
    },
    "OM": {
        "precision": 0.0,
        "recall": 0.0,
        "f1-score": 0.0,
        "support": 82
    },
    "accuracy": 0.29777777777777775,
    "macro avg": {
        "precision": 0.05955555555555555,
        "recall": 0.2,
        "f1-score": 0.09178082191780822,
        "support": 450
    },
    "weighted avg": {
        "precision": 0.0886716049382716,
        "recall": 0.29777777777777775,
        "f1-score": 0.13665144596651446,
        "support": 450
    }
}