{
    "LMA": {
        "precision": 0.0,
        "recall": 0.0,
        "f1-score": 0.0,
        "support": 52
    },
    "LAD": {
        "precision": 0.36416184971098264,
        "recall": 0.5384615384615384,
        "f1-score": 0.43448275862068964,
        "support": 117
    },
    "LCX": {
        "precision": 0.3248175182481752,
        "recall": 0.664179104477612,
        "f1-score": 0.4362745098039216,
        "support": 134
    },
    "D": {
        "precision": 0.0,
        "recall": 0.0,
        "f1-score": 0.0,
        "support": 65
    },
    "OM": {
        "precision": 0.0,
        "recall": 0.0,
        "f1-score": 0.0,
        "support": 82
    },
    "accuracy": 0.3377777777777778,
    "macro avg": {
        "precision": 0.13779587359183157,
        "recall": 0.2405281285878301,
        "f1-score": 0.17415145368492224,
        "support": 450
    },
    "weighted avg": {
        "precision": 0.19140551969208988,
        "recall": 0.3377777777777778,
        "f1-score": 0.2428783712718804,
        "support": 450
    }
}