{
    "LMA": {
        "precision": 0.0,
        "recall": 0.0,
        "f1-score": 0.0,
        "support": 52
    },
    "LAD": {
        "precision": 0.3741496598639456,
        "recall": 0.4700854700854701,
        "f1-score": 0.4166666666666667,
        "support": 117
    },
    "LCX": {
        "precision": 0.3269230769230769,
        "recall": 0.5074626865671642,
        "f1-score": 0.39766081871345027,
        "support": 134
    },
    "D": {
        "precision": 0.0,
        "recall": 0.0,
        "f1-score": 0.0,
        "support": 65
    },
    "OM": {
        "precision": 0.05263157894736842,
        "recall": 0.06097560975609756,
        "f1-score": 0.05649717514124294,
        "support": 82
    },
    "accuracy": 0.28444444444444444,
    "macro avg": {
        "precision": 0.1507408631468782,
        "recall": 0.20770475328174637,
        "f1-score": 0.174164932104272,
        "support": 450
    },
    "weighted avg": {
        "precision": 0.204219982189907,
        "recall": 0.28444444444444444,
        "f1-score": 0.2370429290426317,
        "support": 450
    }
}