{
    "LMA": {
        "precision": 0.0,
        "recall": 0.0,
        "f1-score": 0.0,
        "support": 52
    },
    "LAD": {
        "precision": 0.3817204301075269,
        "recall": 0.6068376068376068,
        "f1-score": 0.46864686468646866,
        "support": 117
    },
    "LCX": {
        "precision": 0.3484848484848485,
        "recall": 0.6865671641791045,
        "f1-score": 0.46231155778894484,
        "support": 134
    },
    "D": {
        "precision": 0.0,
        "recall": 0.0,
        "f1-score": 0.0,
        "support": 65
    },
    "OM": {
        "precision": 0.0,
        "recall": 0.0,
        "f1-score": 0.0,
        "support": 82
    },
    "accuracy": 0.3622222222222222,
    "macro avg": {
        "precision": 0.1460410557184751,
        "recall": 0.25868095420334225,
        "f1-score": 0.1861916844950827,
        "support": 450
    },
    "weighted avg": {
        "precision": 0.2030183555990008,
        "recall": 0.3622222222222222,
        "f1-score": 0.25951429313785657,
        "support": 450
    }
}