{
    "LMA": {
        "precision": 0.6,
        "recall": 0.8490566037735849,
        "f1-score": 0.7031249999999999,
        "support": 53
    },
    "LAD": {
        "precision": 0.5736434108527132,
        "recall": 0.6218487394957983,
        "f1-score": 0.596774193548387,
        "support": 119
    },
    "LCX": {
        "precision": 0.40869565217391307,
        "recall": 0.32867132867132864,
        "f1-score": 0.3643410852713178,
        "support": 143
    },
    "D": {
        "precision": 0.0,
        "recall": 0.0,
        "f1-score": 0.0,
        "support": 66
    },
    "OM": {
        "precision": 0.39473684210526316,
        "recall": 0.6666666666666666,
        "f1-score": 0.49586776859504134,
        "support": 90
    },
    "accuracy": 0.47983014861995754,
    "macro avg": {
        "precision": 0.3954151810263779,
        "recall": 0.4932486677214757,
        "f1-score": 0.4320216094829492,
        "support": 471
    },
    "weighted avg": {
        "precision": 0.41196042450491743,
        "recall": 0.47983014861995754,
        "f1-score": 0.43526672696307905,
        "support": 471
    }
}