{
    "LMA": {
        "precision": 0.0,
        "recall": 0.0,
        "f1-score": 0.0,
        "support": 53
    },
    "LAD": {
        "precision": 0.4530386740331492,
        "recall": 0.6890756302521008,
        "f1-score": 0.5466666666666667,
        "support": 119
    },
    "LCX": {
        "precision": 0.377431906614786,
        "recall": 0.6783216783216783,
        "f1-score": 0.485,
        "support": 143
    },
    "D": {
        "precision": 0.0,
        "recall": 0.0,
        "f1-score": 0.0,
        "support": 66
    },
    "OM": {
        "precision": 0.4375,
        "recall": 0.15555555555555556,
        "f1-score": 0.2295081967213115,
        "support": 90
    },
    "accuracy": 0.40976645435244163,
    "macro avg": {
        "precision": 0.25359411612958704,
        "recall": 0.304590572825867,
        "f1-score": 0.25223497267759565,
        "support": 471
    },
    "weighted avg": {
        "precision": 0.31265257931180285,
        "recall": 0.40976645435244163,
        "f1-score": 0.3292230807606187,
        "support": 471
    }
}