{
    "LMA": {
        "precision": 0.725,
        "recall": 0.5471698113207547,
        "f1-score": 0.6236559139784946,
        "support": 53
    },
    "LAD": {
        "precision": 0.4533333333333333,
        "recall": 0.5714285714285714,
        "f1-score": 0.5055762081784386,
        "support": 119
    },
    "LCX": {
        "precision": 0.36298932384341637,
        "recall": 0.7132867132867133,
        "f1-score": 0.4811320754716981,
        "support": 143
    },
    "D": {
        "precision": 0.0,
        "recall": 0.0,
        "f1-score": 0.0,
        "support": 66
    },
    "OM": {
        "precision": 0.0,
        "recall": 0.0,
        "f1-score": 0.0,
        "support": 90
    },
    "accuracy": 0.42250530785562634,
    "macro avg": {
        "precision": 0.30826453143534993,
        "recall": 0.3663770192072079,
        "f1-score": 0.3220728395257263,
        "support": 471
    },
    "weighted avg": {
        "precision": 0.30632513795387517,
        "recall": 0.42250530785562634,
        "f1-score": 0.34398984927080095,
        "support": 471
    }
}