{
    "LMA": {
        "precision": 0.5609756097560976,
        "recall": 0.8679245283018868,
        "f1-score": 0.6814814814814816,
        "support": 53
    },
    "LAD": {
        "precision": 0.6914893617021277,
        "recall": 0.5462184873949579,
        "f1-score": 0.6103286384976525,
        "support": 119
    },
    "LCX": {
        "precision": 0.376425855513308,
        "recall": 0.6923076923076923,
        "f1-score": 0.48768472906403937,
        "support": 143
    },
    "D": {
        "precision": 1.0,
        "recall": 0.015151515151515152,
        "f1-score": 0.02985074626865672,
        "support": 66
    },
    "OM": {
        "precision": 0.41935483870967744,
        "recall": 0.14444444444444443,
        "f1-score": 0.21487603305785122,
        "support": 90
    },
    "accuracy": 0.47558386411889597,
    "macro avg": {
        "precision": 0.6096491331362421,
        "recall": 0.4532093335200994,
        "f1-score": 0.4048443256739363,
        "support": 471
    },
    "weighted avg": {
        "precision": 0.5723774398766462,
        "recall": 0.47558386411889597,
        "f1-score": 0.4241943417937043,
        "support": 471
    }
}