{
    "LMA": {
        "precision": 0.45689655172413796,
        "recall": 1.0,
        "f1-score": 0.6272189349112427,
        "support": 53
    },
    "LAD": {
        "precision": 0.583941605839416,
        "recall": 0.6722689075630253,
        "f1-score": 0.625,
        "support": 119
    },
    "LCX": {
        "precision": 0.37777777777777777,
        "recall": 0.4755244755244755,
        "f1-score": 0.42105263157894735,
        "support": 143
    },
    "D": {
        "precision": 0.0,
        "recall": 0.0,
        "f1-score": 0.0,
        "support": 66
    },
    "OM": {
        "precision": 0.5526315789473685,
        "recall": 0.23333333333333334,
        "f1-score": 0.32812500000000006,
        "support": 90
    },
    "accuracy": 0.4713375796178344,
    "macro avg": {
        "precision": 0.39424950285774,
        "recall": 0.4762253432841669,
        "f1-score": 0.400279313298038,
        "support": 471
    },
    "weighted avg": {
        "precision": 0.4192433814517096,
        "recall": 0.4713375796178344,
        "f1-score": 0.41902203793224063,
        "support": 471
    }
}