{
    "LMA": {
        "precision": 0.0,
        "recall": 0.0,
        "f1-score": 0.0,
        "support": 53
    },
    "LAD": {
        "precision": 0.5035971223021583,
        "recall": 0.5882352941176471,
        "f1-score": 0.5426356589147286,
        "support": 119
    },
    "LCX": {
        "precision": 0.38132295719844356,
        "recall": 0.6853146853146853,
        "f1-score": 0.48999999999999994,
        "support": 143
    },
    "D": {
        "precision": 0.0,
        "recall": 0.0,
        "f1-score": 0.0,
        "support": 66
    },
    "OM": {
        "precision": 0.5,
        "recall": 0.4111111111111111,
        "f1-score": 0.45121951219512196,
        "support": 90
    },
    "accuracy": 0.43524416135881105,
    "macro avg": {
        "precision": 0.27698401590012034,
        "recall": 0.33693221810868873,
        "f1-score": 0.2967710342219701,
        "support": 471
    },
    "weighted avg": {
        "precision": 0.3385504043170579,
        "recall": 0.43524416135881105,
        "f1-score": 0.3720878970454643,
        "support": 471
    }
}