{
    "LMA": {
        "precision": 0.3,
        "recall": 0.05660377358490566,
        "f1-score": 0.09523809523809525,
        "support": 53
    },
    "LAD": {
        "precision": 0.49242424242424243,
        "recall": 0.5462184873949579,
        "f1-score": 0.5179282868525895,
        "support": 119
    },
    "LCX": {
        "precision": 0.3495440729483283,
        "recall": 0.8041958041958042,
        "f1-score": 0.4872881355932203,
        "support": 143
    },
    "D": {
        "precision": 0.0,
        "recall": 0.0,
        "f1-score": 0.0,
        "support": 66
    },
    "OM": {
        "precision": 0.0,
        "recall": 0.0,
        "f1-score": 0.0,
        "support": 90
    },
    "accuracy": 0.3885350318471338,
    "macro avg": {
        "precision": 0.22839366307451417,
        "recall": 0.28140361303513356,
        "f1-score": 0.220090903536781,
        "support": 471
    },
    "weighted avg": {
        "precision": 0.2642957267093329,
        "recall": 0.3885350318471338,
        "f1-score": 0.28951865939046223,
        "support": 471
    }
}