{
    "LMA": {
        "precision": 0.0,
        "recall": 0.0,
        "f1-score": 0.0,
        "support": 53
    },
    "LAD": {
        "precision": 0.2531914893617021,
        "recall": 1.0,
        "f1-score": 0.40407470288624786,
        "support": 119
    },
    "LCX": {
        "precision": 0.0,
        "recall": 0.0,
        "f1-score": 0.0,
        "support": 143
    },
    "D": {
        "precision": 0.0,
        "recall": 0.0,
        "f1-score": 0.0,
        "support": 66
    },
    "OM": {
        "precision": 0.0,
        "recall": 0.0,
        "f1-score": 0.0,
        "support": 90
    },
    "accuracy": 0.2526539278131635,
    "macro avg": {
        "precision": 0.05063829787234042,
        "recall": 0.2,
        "f1-score": 0.08081494057724957,
        "support": 471
    },
    "weighted avg": {
        "precision": 0.06396982427609883,
        "recall": 0.2526539278131635,
        "f1-score": 0.10209106081414755,
        "support": 471
    }
}