{
    "LMA": {
        "precision": 0.7017543859649122,
        "recall": 0.7547169811320755,
        "f1-score": 0.7272727272727273,
        "support": 53
    },
    "LAD": {
        "precision": 0.6585365853658537,
        "recall": 0.453781512605042,
        "f1-score": 0.5373134328358209,
        "support": 119
    },
    "LCX": {
        "precision": 0.34868421052631576,
        "recall": 0.7412587412587412,
        "f1-score": 0.4742729306487695,
        "support": 143
    },
    "D": {
        "precision": 0.07142857142857142,
        "recall": 0.015151515151515152,
        "f1-score": 0.025,
        "support": 66
    },
    "OM": {
        "precision": 0.35714285714285715,
        "recall": 0.05555555555555555,
        "f1-score": 0.09615384615384616,
        "support": 90
    },
    "accuracy": 0.43736730360934184,
    "macro avg": {
        "precision": 0.4275093220857021,
        "recall": 0.40409286114058585,
        "f1-score": 0.3720025873822328,
        "support": 471
    },
    "weighted avg": {
        "precision": 0.4294645882740615,
        "recall": 0.43736730360934184,
        "f1-score": 0.38346205581642767,
        "support": 471
    }
}