{
    "LMA": {
        "precision": 0.0,
        "recall": 0.0,
        "f1-score": 0.0,
        "support": 53
    },
    "LAD": {
        "precision": 0.4624277456647399,
        "recall": 0.6722689075630253,
        "f1-score": 0.547945205479452,
        "support": 119
    },
    "LCX": {
        "precision": 0.3523489932885906,
        "recall": 0.7342657342657343,
        "f1-score": 0.4761904761904763,
        "support": 143
    },
    "D": {
        "precision": 0.0,
        "recall": 0.0,
        "f1-score": 0.0,
        "support": 66
    },
    "OM": {
        "precision": 0.0,
        "recall": 0.0,
        "f1-score": 0.0,
        "support": 90
    },
    "accuracy": 0.39278131634819535,
    "macro avg": {
        "precision": 0.1629553477906661,
        "recall": 0.28130692836575194,
        "f1-score": 0.20482713633398567,
        "support": 471
    },
    "weighted avg": {
        "precision": 0.22381063221735137,
        "recall": 0.39278131634819535,
        "f1-score": 0.283016385450728,
        "support": 471
    }
}