{
    "LMA": {
        "precision": 0.6037735849056604,
        "recall": 0.6037735849056604,
        "f1-score": 0.6037735849056604,
        "support": 53
    },
    "LAD": {
        "precision": 0.6090909090909091,
        "recall": 0.5630252100840336,
        "f1-score": 0.5851528384279476,
        "support": 119
    },
    "LCX": {
        "precision": 0.36162361623616235,
        "recall": 0.6853146853146853,
        "f1-score": 0.4734299516908212,
        "support": 143
    },
    "D": {
        "precision": 0.0,
        "recall": 0.0,
        "f1-score": 0.0,
        "support": 66
    },
    "OM": {
        "precision": 0.5135135135135135,
        "recall": 0.2111111111111111,
        "f1-score": 0.2992125984251968,
        "support": 90
    },
    "accuracy": 0.4585987261146497,
    "macro avg": {
        "precision": 0.41760032474924913,
        "recall": 0.4126449182830981,
        "f1-score": 0.3923137946899252,
        "support": 471
    },
    "weighted avg": {
        "precision": 0.42974567201657243,
        "recall": 0.4585987261146497,
        "f1-score": 0.4166938529150338,
        "support": 471
    }
}