{
    "LMA": {
        "precision": 0.5949367088607594,
        "recall": 0.8867924528301887,
        "f1-score": 0.7121212121212119,
        "support": 53
    },
    "LAD": {
        "precision": 0.5181347150259067,
        "recall": 0.8403361344537815,
        "f1-score": 0.641025641025641,
        "support": 119
    },
    "LCX": {
        "precision": 0.43386243386243384,
        "recall": 0.5734265734265734,
        "f1-score": 0.4939759036144578,
        "support": 143
    },
    "D": {
        "precision": 0.0,
        "recall": 0.0,
        "f1-score": 0.0,
        "support": 66
    },
    "OM": {
        "precision": 0.6,
        "recall": 0.06666666666666667,
        "f1-score": 0.12000000000000001,
        "support": 90
    },
    "accuracy": 0.4989384288747346,
    "macro avg": {
        "precision": 0.42938677154981997,
        "recall": 0.4734443654754421,
        "f1-score": 0.3934245513522622,
        "support": 471
    },
    "weighted avg": {
        "precision": 0.4442293093418921,
        "recall": 0.4989384288747346,
        "f1-score": 0.41499581686060083,
        "support": 471
    }
}