{
    "LMA": {
        "precision": 0.671875,
        "recall": 0.8113207547169812,
        "f1-score": 0.7350427350427351,
        "support": 53
    },
    "LAD": {
        "precision": 0.5535714285714286,
        "recall": 0.7815126050420168,
        "f1-score": 0.6480836236933798,
        "support": 119
    },
    "LCX": {
        "precision": 0.49382716049382713,
        "recall": 0.27972027972027974,
        "f1-score": 0.3571428571428571,
        "support": 143
    },
    "D": {
        "precision": 0.21904761904761905,
        "recall": 0.3484848484848485,
        "f1-score": 0.26900584795321636,
        "support": 66
    },
    "OM": {
        "precision": 0.33962264150943394,
        "recall": 0.2,
        "f1-score": 0.2517482517482518,
        "support": 90
    },
    "accuracy": 0.4607218683651805,
    "macro avg": {
        "precision": 0.45558876992446173,
        "recall": 0.4842076975928252,
        "f1-score": 0.45220466311608803,
        "support": 471
    },
    "weighted avg": {
        "precision": 0.4609869204747541,
        "recall": 0.4607218683651805,
        "f1-score": 0.440684444523271,
        "support": 471
    }
}