{
    "LMA": {
        "precision": 0.543859649122807,
        "recall": 0.5849056603773585,
        "f1-score": 0.5636363636363636,
        "support": 53
    },
    "LAD": {
        "precision": 0.2559366754617414,
        "recall": 0.8151260504201681,
        "f1-score": 0.389558232931727,
        "support": 119
    },
    "LCX": {
        "precision": 0.42857142857142855,
        "recall": 0.02097902097902098,
        "f1-score": 0.039999999999999994,
        "support": 143
    },
    "D": {
        "precision": 0.0,
        "recall": 0.0,
        "f1-score": 0.0,
        "support": 66
    },
    "OM": {
        "precision": 0.32142857142857145,
        "recall": 0.1,
        "f1-score": 0.15254237288135594,
        "support": 90
    },
    "accuracy": 0.29723991507430997,
    "macro avg": {
        "precision": 0.3099592649169097,
        "recall": 0.3042021463553095,
        "f1-score": 0.2291473938898893,
        "support": 471
    },
    "weighted avg": {
        "precision": 0.3173998120971162,
        "recall": 0.29723991507430997,
        "f1-score": 0.20314006486395927,
        "support": 471
    }
}