{
    "LMA": {
        "precision": 0.7017543859649122,
        "recall": 0.7547169811320755,
        "f1-score": 0.7272727272727273,
        "support": 53
    },
    "LAD": {
        "precision": 0.6836734693877551,
        "recall": 0.5630252100840336,
        "f1-score": 0.6175115207373272,
        "support": 119
    },
    "LCX": {
        "precision": 0.411214953271028,
        "recall": 0.6153846153846154,
        "f1-score": 0.49299719887955173,
        "support": 143
    },
    "D": {
        "precision": 0.0,
        "recall": 0.0,
        "f1-score": 0.0,
        "support": 66
    },
    "OM": {
        "precision": 0.46,
        "recall": 0.5111111111111111,
        "f1-score": 0.4842105263157895,
        "support": 90
    },
    "accuracy": 0.5116772823779193,
    "macro avg": {
        "precision": 0.45132856172473906,
        "recall": 0.4888475835423671,
        "f1-score": 0.4643983946410792,
        "support": 471
    },
    "weighted avg": {
        "precision": 0.4644455703419113,
        "recall": 0.5116772823779193,
        "f1-score": 0.4800570537609202,
        "support": 471
    }
}