{
    "LMA": {
        "precision": 0.6896551724137931,
        "recall": 0.7547169811320755,
        "f1-score": 0.7207207207207208,
        "support": 53
    },
    "LAD": {
        "precision": 0.6046511627906976,
        "recall": 0.6554621848739496,
        "f1-score": 0.629032258064516,
        "support": 119
    },
    "LCX": {
        "precision": 0.3849056603773585,
        "recall": 0.7132867132867133,
        "f1-score": 0.5000000000000001,
        "support": 143
    },
    "D": {
        "precision": 0.0,
        "recall": 0.0,
        "f1-score": 0.0,
        "support": 66
    },
    "OM": {
        "precision": 0.2631578947368421,
        "recall": 0.05555555555555555,
        "f1-score": 0.09174311926605505,
        "support": 90
    },
    "accuracy": 0.47770700636942676,
    "macro avg": {
        "precision": 0.3884739780637383,
        "recall": 0.4358042869696588,
        "f1-score": 0.3882992196102584,
        "support": 471
    },
    "weighted avg": {
        "precision": 0.39751790333397474,
        "recall": 0.47770700636942676,
        "f1-score": 0.4093628824667104,
        "support": 471
    }
}