{
    "LMA": {
        "precision": 0.4444444444444444,
        "recall": 0.9056603773584906,
        "f1-score": 0.5962732919254657,
        "support": 53
    },
    "LAD": {
        "precision": 1.0,
        "recall": 0.008403361344537815,
        "f1-score": 0.016666666666666666,
        "support": 119
    },
    "LCX": {
        "precision": 0.3149171270718232,
        "recall": 0.7972027972027972,
        "f1-score": 0.45148514851485155,
        "support": 143
    },
    "D": {
        "precision": 0.0,
        "recall": 0.0,
        "f1-score": 0.0,
        "support": 66
    },
    "OM": {
        "precision": 0.0,
        "recall": 0.0,
        "f1-score": 0.0,
        "support": 90
    },
    "accuracy": 0.346072186836518,
    "macro avg": {
        "precision": 0.3518723143032535,
        "recall": 0.34225330718116515,
        "f1-score": 0.21288502142139681,
        "support": 471
    },
    "weighted avg": {
        "precision": 0.3982775047278689,
        "recall": 0.346072186836518,
        "f1-score": 0.20838257758600165,
        "support": 471
    }
}