{
    "LMA": {
        "precision": 0.8095238095238095,
        "recall": 0.6415094339622641,
        "f1-score": 0.7157894736842104,
        "support": 53
    },
    "LAD": {
        "precision": 0.5165562913907285,
        "recall": 0.6554621848739496,
        "f1-score": 0.5777777777777778,
        "support": 119
    },
    "LCX": {
        "precision": 0.41739130434782606,
        "recall": 0.6713286713286714,
        "f1-score": 0.514745308310992,
        "support": 143
    },
    "D": {
        "precision": 0.2708333333333333,
        "recall": 0.19696969696969696,
        "f1-score": 0.22807017543859648,
        "support": 66
    },
    "OM": {
        "precision": 0.0,
        "recall": 0.0,
        "f1-score": 0.0,
        "support": 90
    },
    "accuracy": 0.4692144373673036,
    "macro avg": {
        "precision": 0.4028609477191395,
        "recall": 0.4330539974269164,
        "f1-score": 0.4072765470423153,
        "support": 471
    },
    "weighted avg": {
        "precision": 0.38627795563056844,
        "recall": 0.4692144373673036,
        "f1-score": 0.41476349963532466,
        "support": 471
    }
}