{
    "LMA": {
        "precision": 0.6619718309859155,
        "recall": 0.8867924528301887,
        "f1-score": 0.7580645161290323,
        "support": 53
    },
    "LAD": {
        "precision": 0.480225988700565,
        "recall": 0.7142857142857143,
        "f1-score": 0.5743243243243243,
        "support": 119
    },
    "LCX": {
        "precision": 0.3963963963963964,
        "recall": 0.6153846153846154,
        "f1-score": 0.4821917808219178,
        "support": 143
    },
    "D": {
        "precision": 0.0,
        "recall": 0.0,
        "f1-score": 0.0,
        "support": 66
    },
    "OM": {
        "precision": 0.0,
        "recall": 0.0,
        "f1-score": 0.0,
        "support": 90
    },
    "accuracy": 0.46709129511677283,
    "macro avg": {
        "precision": 0.30771884321657533,
        "recall": 0.4432925565001037,
        "f1-score": 0.3629161242550549,
        "support": 471
    },
    "weighted avg": {
        "precision": 0.3161700305356803,
        "recall": 0.46709129511677283,
        "f1-score": 0.37680560213793535,
        "support": 471
    }
}