{
    "LMA": {
        "precision": 0.7377049180327869,
        "recall": 0.8490566037735849,
        "f1-score": 0.7894736842105263,
        "support": 53
    },
    "LAD": {
        "precision": 0.6148148148148148,
        "recall": 0.6974789915966386,
        "f1-score": 0.6535433070866141,
        "support": 119
    },
    "LCX": {
        "precision": 0.46511627906976744,
        "recall": 0.4195804195804196,
        "f1-score": 0.44117647058823534,
        "support": 143
    },
    "D": {
        "precision": 1.0,
        "recall": 0.015151515151515152,
        "f1-score": 0.02985074626865672,
        "support": 66
    },
    "OM": {
        "precision": 0.3931034482758621,
        "recall": 0.6333333333333333,
        "f1-score": 0.4851063829787233,
        "support": 90
    },
    "accuracy": 0.5222929936305732,
    "macro avg": {
        "precision": 0.6421478920386463,
        "recall": 0.5229201726870982,
        "f1-score": 0.47983011822655114,
        "support": 471
    },
    "weighted avg": {
        "precision": 0.5948031037590339,
        "recall": 0.5222929936305732,
        "f1-score": 0.48478071724500865,
        "support": 471
    }
}