{
    "LMA": {
        "precision": 0.8125,
        "recall": 0.49056603773584906,
        "f1-score": 0.611764705882353,
        "support": 53
    },
    "LAD": {
        "precision": 0.54,
        "recall": 0.226890756302521,
        "f1-score": 0.31952662721893493,
        "support": 119
    },
    "LCX": {
        "precision": 0.3341902313624679,
        "recall": 0.9090909090909091,
        "f1-score": 0.4887218045112782,
        "support": 143
    },
    "D": {
        "precision": 0.0,
        "recall": 0.0,
        "f1-score": 0.0,
        "support": 66
    },
    "OM": {
        "precision": 0.0,
        "recall": 0.0,
        "f1-score": 0.0,
        "support": 90
    },
    "accuracy": 0.3885350318471338,
    "macro avg": {
        "precision": 0.3373380462724936,
        "recall": 0.3253095406258558,
        "f1-score": 0.28400262752251326,
        "support": 471
    },
    "weighted avg": {
        "precision": 0.3293242103711952,
        "recall": 0.3885350318471338,
        "f1-score": 0.2979499280168381,
        "support": 471
    }
}