{
    "LMA": {
        "precision": 0.366412213740458,
        "recall": 0.9056603773584906,
        "f1-score": 0.5217391304347827,
        "support": 53
    },
    "LAD": {
        "precision": 0.5396825396825397,
        "recall": 0.5811965811965812,
        "f1-score": 0.5596707818930041,
        "support": 117
    },
    "LCX": {
        "precision": 0.4365079365079365,
        "recall": 0.39855072463768115,
        "f1-score": 0.4166666666666667,
        "support": 138
    },
    "D": {
        "precision": 0.45454545454545453,
        "recall": 0.15625,
        "f1-score": 0.2325581395348837,
        "support": 64
    },
    "OM": {
        "precision": 0.40384615384615385,
        "recall": 0.24705882352941178,
        "f1-score": 0.30656934306569344,
        "support": 85
    },
    "accuracy": 0.4420131291028446,
    "macro avg": {
        "precision": 0.44019885966450856,
        "recall": 0.4577433013444329,
        "f1-score": 0.4074408123190062,
        "support": 457
    },
    "weighted avg": {
        "precision": 0.4512442710657086,
        "recall": 0.4420131291028446,
        "f1-score": 0.41920299887383256,
        "support": 457
    }
}