{
    "LMA": {
        "precision": 0.5555555555555556,
        "recall": 0.8823529411764706,
        "f1-score": 0.6818181818181819,
        "support": 51
    },
    "LAD": {
        "precision": 0.575,
        "recall": 0.42201834862385323,
        "f1-score": 0.4867724867724868,
        "support": 109
    },
    "LCX": {
        "precision": 0.30057803468208094,
        "recall": 0.45614035087719296,
        "f1-score": 0.36236933797909415,
        "support": 114
    },
    "D": {
        "precision": 1.0,
        "recall": 0.038461538461538464,
        "f1-score": 0.07407407407407407,
        "support": 52
    },
    "OM": {
        "precision": 0.3492063492063492,
        "recall": 0.3013698630136986,
        "f1-score": 0.3235294117647059,
        "support": 73
    },
    "accuracy": 0.41854636591478694,
    "macro avg": {
        "precision": 0.5560679878887972,
        "recall": 0.4200686084305508,
        "f1-score": 0.3857126984817085,
        "support": 399
    },
    "weighted avg": {
        "precision": 0.5081861974414889,
        "recall": 0.41854636591478694,
        "f1-score": 0.3925075984241114,
        "support": 399
    }
}