{
    "LMA": {
        "precision": 0.5846153846153846,
        "recall": 0.7169811320754716,
        "f1-score": 0.6440677966101696,
        "support": 53
    },
    "LAD": {
        "precision": 0.6746987951807228,
        "recall": 0.47863247863247865,
        "f1-score": 0.56,
        "support": 117
    },
    "LCX": {
        "precision": 0.37630662020905925,
        "recall": 0.782608695652174,
        "f1-score": 0.5082352941176471,
        "support": 138
    },
    "D": {
        "precision": 0.2,
        "recall": 0.03125,
        "f1-score": 0.05405405405405406,
        "support": 64
    },
    "OM": {
        "precision": 0.3333333333333333,
        "recall": 0.047058823529411764,
        "f1-score": 0.08247422680412371,
        "support": 85
    },
    "accuracy": 0.4551422319474836,
    "macro avg": {
        "precision": 0.4337908266677,
        "recall": 0.4113062259779071,
        "f1-score": 0.3697662743171989,
        "support": 457
    },
    "weighted avg": {
        "precision": 0.4441751014068785,
        "recall": 0.4551422319474836,
        "f1-score": 0.3944460230774273,
        "support": 457
    }
}