{
    "LMA": {
        "precision": 0.7714285714285715,
        "recall": 0.5094339622641509,
        "f1-score": 0.6136363636363636,
        "support": 53
    },
    "LAD": {
        "precision": 0.6074766355140186,
        "recall": 0.5555555555555556,
        "f1-score": 0.5803571428571429,
        "support": 117
    },
    "LCX": {
        "precision": 0.3651685393258427,
        "recall": 0.47101449275362317,
        "f1-score": 0.4113924050632911,
        "support": 138
    },
    "D": {
        "precision": 0.0,
        "recall": 0.0,
        "f1-score": 0.0,
        "support": 64
    },
    "OM": {
        "precision": 0.38235294117647056,
        "recall": 0.611764705882353,
        "f1-score": 0.47058823529411764,
        "support": 85
    },
    "accuracy": 0.4573304157549234,
    "macro avg": {
        "precision": 0.42528533748898073,
        "recall": 0.4295537432911365,
        "f1-score": 0.4151948293701831,
        "support": 457
    },
    "weighted avg": {
        "precision": 0.4263757966473102,
        "recall": 0.4573304157549234,
        "f1-score": 0.4315025489841295,
        "support": 457
    }
}