{
    "LMA": {
        "precision": 0.0,
        "recall": 0.0,
        "f1-score": 0.0,
        "support": 53
    },
    "LAD": {
        "precision": 0.0,
        "recall": 0.0,
        "f1-score": 0.0,
        "support": 117
    },
    "LCX": {
        "precision": 0.30196936542669583,
        "recall": 1.0,
        "f1-score": 0.4638655462184874,
        "support": 138
    },
    "D": {
        "precision": 0.0,
        "recall": 0.0,
        "f1-score": 0.0,
        "support": 64
    },
    "OM": {
        "precision": 0.0,
        "recall": 0.0,
        "f1-score": 0.0,
        "support": 85
    },
    "accuracy": 0.30196936542669583,
    "macro avg": {
        "precision": 0.06039387308533917,
        "recall": 0.2,
        "f1-score": 0.09277310924369749,
        "support": 457
    },
    "weighted avg": {
        "precision": 0.09118549765620138,
        "recall": 0.30196936542669583,
        "f1-score": 0.14007318463490429,
        "support": 457
    }
}