{
    "LMA": {
        "precision": 0.8333333333333334,
        "recall": 0.18867924528301888,
        "f1-score": 0.3076923076923077,
        "support": 53
    },
    "LAD": {
        "precision": 0.6190476190476191,
        "recall": 0.2222222222222222,
        "f1-score": 0.3270440251572327,
        "support": 117
    },
    "LCX": {
        "precision": 0.3176178660049628,
        "recall": 0.927536231884058,
        "f1-score": 0.47319778188539735,
        "support": 138
    },
    "D": {
        "precision": 0.0,
        "recall": 0.0,
        "f1-score": 0.0,
        "support": 64
    },
    "OM": {
        "precision": 0.0,
        "recall": 0.0,
        "f1-score": 0.0,
        "support": 85
    },
    "accuracy": 0.3588621444201313,
    "macro avg": {
        "precision": 0.35399976367718305,
        "recall": 0.2676875398778598,
        "f1-score": 0.22158682294698756,
        "support": 457
    },
    "weighted avg": {
        "precision": 0.351042677470291,
        "recall": 0.3588621444201313,
        "f1-score": 0.2623044576614297,
        "support": 457
    }
}