{
    "LMA": {
        "precision": 0.5609756097560976,
        "recall": 0.8679245283018868,
        "f1-score": 0.6814814814814816,
        "support": 53
    },
    "LAD": {
        "precision": 0.5411764705882353,
        "recall": 0.39655172413793105,
        "f1-score": 0.4577114427860696,
        "support": 116
    },
    "LCX": {
        "precision": 0.3076923076923077,
        "recall": 0.4838709677419355,
        "f1-score": 0.3761755485893417,
        "support": 124
    },
    "D": {
        "precision": 1.0,
        "recall": 0.03389830508474576,
        "f1-score": 0.06557377049180328,
        "support": 59
    },
    "OM": {
        "precision": 0.34285714285714286,
        "recall": 0.2926829268292683,
        "f1-score": 0.31578947368421056,
        "support": 82
    },
    "accuracy": 0.41013824884792627,
    "macro avg": {
        "precision": 0.5505403061787567,
        "recall": 0.41498569041915345,
        "f1-score": 0.37934634340658135,
        "support": 434
    },
    "weighted avg": {
        "precision": 0.5017887321968671,
        "recall": 0.41013824884792627,
        "f1-score": 0.38161844057120414,
        "support": 434
    }
}