{
    "LMA": {
        "precision": 0.55,
        "recall": 0.8627450980392157,
        "f1-score": 0.6717557251908397,
        "support": 51
    },
    "LAD": {
        "precision": 0.5783132530120482,
        "recall": 0.42105263157894735,
        "f1-score": 0.4873096446700507,
        "support": 114
    },
    "LCX": {
        "precision": 0.2967032967032967,
        "recall": 0.46551724137931033,
        "f1-score": 0.3624161073825503,
        "support": 116
    },
    "D": {
        "precision": 1.0,
        "recall": 0.03636363636363636,
        "f1-score": 0.07017543859649122,
        "support": 55
    },
    "OM": {
        "precision": 0.3484848484848485,
        "recall": 0.2987012987012987,
        "f1-score": 0.32167832167832167,
        "support": 77
    },
    "accuracy": 0.41404358353510895,
    "macro avg": {
        "precision": 0.5547002796400387,
        "recall": 0.4168759812124817,
        "f1-score": 0.3826670475036507,
        "support": 413
    },
    "weighted avg": {
        "precision": 0.5090281515600223,
        "recall": 0.41404358353510895,
        "f1-score": 0.3885762465509255,
        "support": 413
    }
}