{
    "LMA": {
        "precision": 0.569620253164557,
        "recall": 0.9375,
        "f1-score": 0.7086614173228347,
        "support": 48
    },
    "LAD": {
        "precision": 0.5822784810126582,
        "recall": 0.4380952380952381,
        "f1-score": 0.5,
        "support": 105
    },
    "LCX": {
        "precision": 0.3248407643312102,
        "recall": 0.4594594594594595,
        "f1-score": 0.3805970149253732,
        "support": 111
    },
    "D": {
        "precision": 1.0,
        "recall": 0.02040816326530612,
        "f1-score": 0.039999999999999994,
        "support": 49
    },
    "OM": {
        "precision": 0.3387096774193548,
        "recall": 0.3230769230769231,
        "f1-score": 0.33070866141732286,
        "support": 65
    },
    "accuracy": 0.43386243386243384,
    "macro avg": {
        "precision": 0.563089835185556,
        "recall": 0.43570795677938534,
        "f1-score": 0.39199341873310617,
        "support": 378
    },
    "weighted avg": {
        "precision": 0.517339858548281,
        "recall": 0.43386243386243384,
        "f1-score": 0.402693332487668,
        "support": 378
    }
}