{
    "LMA": {
        "precision": 0.55,
        "recall": 0.8627450980392157,
        "f1-score": 0.6717557251908397,
        "support": 51
    },
    "LAD": {
        "precision": 0.5647058823529412,
        "recall": 0.42105263157894735,
        "f1-score": 0.4824120603015075,
        "support": 114
    },
    "LCX": {
        "precision": 0.2994652406417112,
        "recall": 0.4666666666666667,
        "f1-score": 0.36482084690553745,
        "support": 120
    },
    "D": {
        "precision": 1.0,
        "recall": 0.03508771929824561,
        "f1-score": 0.06779661016949151,
        "support": 57
    },
    "OM": {
        "precision": 0.34328358208955223,
        "recall": 0.2911392405063291,
        "f1-score": 0.31506849315068497,
        "support": 79
    },
    "accuracy": 0.41092636579572445,
    "macro avg": {
        "precision": 0.5514909410168409,
        "recall": 0.4153382712178809,
        "f1-score": 0.38037074714361224,
        "support": 421
    },
    "weighted avg": {
        "precision": 0.5047071317109626,
        "recall": 0.41092636579572445,
        "f1-score": 0.38429414780601967,
        "support": 421
    }
}