{
    "LMA": {
        "precision": 0.7058823529411765,
        "recall": 0.4528301886792453,
        "f1-score": 0.5517241379310345,
        "support": 53
    },
    "LAD": {
        "precision": 0.47058823529411764,
        "recall": 0.47863247863247865,
        "f1-score": 0.4745762711864407,
        "support": 117
    },
    "LCX": {
        "precision": 0.35833333333333334,
        "recall": 0.6231884057971014,
        "f1-score": 0.45502645502645506,
        "support": 138
    },
    "D": {
        "precision": 0.125,
        "recall": 0.015625,
        "f1-score": 0.027777777777777776,
        "support": 64
    },
    "OM": {
        "precision": 0.42857142857142855,
        "recall": 0.2823529411764706,
        "f1-score": 0.3404255319148936,
        "support": 85
    },
    "accuracy": 0.4179431072210066,
    "macro avg": {
        "precision": 0.41767507002801124,
        "recall": 0.37052580285705916,
        "f1-score": 0.3699060347673203,
        "support": 457
    },
    "weighted avg": {
        "precision": 0.4077662137064892,
        "recall": 0.4179431072210066,
        "f1-score": 0.3900971593508816,
        "support": 457
    }
}