{
    "LMA": {
        "precision": 0.5757575757575758,
        "recall": 0.3584905660377358,
        "f1-score": 0.441860465116279,
        "support": 53
    },
    "LAD": {
        "precision": 0.5357142857142857,
        "recall": 0.6410256410256411,
        "f1-score": 0.5836575875486382,
        "support": 117
    },
    "LCX": {
        "precision": 0.37790697674418605,
        "recall": 0.47101449275362317,
        "f1-score": 0.41935483870967744,
        "support": 138
    },
    "D": {
        "precision": 0.5,
        "recall": 0.015625,
        "f1-score": 0.030303030303030304,
        "support": 64
    },
    "OM": {
        "precision": 0.39090909090909093,
        "recall": 0.5058823529411764,
        "f1-score": 0.44102564102564107,
        "support": 85
    },
    "accuracy": 0.4442013129102845,
    "macro avg": {
        "precision": 0.4760575858250277,
        "recall": 0.3984076105516353,
        "f1-score": 0.3832403125406532,
        "support": 457
    },
    "weighted avg": {
        "precision": 0.4607705874435303,
        "recall": 0.4442013129102845,
        "f1-score": 0.413575675192259,
        "support": 457
    }
}