{
    "LMA": {
        "precision": 0.5476190476190477,
        "recall": 0.8679245283018868,
        "f1-score": 0.6715328467153285,
        "support": 53
    },
    "LAD": {
        "precision": 0.5054945054945055,
        "recall": 0.39316239316239315,
        "f1-score": 0.4423076923076923,
        "support": 117
    },
    "LCX": {
        "precision": 0.3106796116504854,
        "recall": 0.463768115942029,
        "f1-score": 0.372093023255814,
        "support": 138
    },
    "D": {
        "precision": 1.0,
        "recall": 0.03125,
        "f1-score": 0.06060606060606061,
        "support": 64
    },
    "OM": {
        "precision": 0.3108108108108108,
        "recall": 0.27058823529411763,
        "f1-score": 0.2893081761006289,
        "support": 85
    },
    "accuracy": 0.39606126914660833,
    "macro avg": {
        "precision": 0.5349207951149699,
        "recall": 0.40533865454008533,
        "f1-score": 0.36716955979710486,
        "support": 457
    },
    "weighted avg": {
        "precision": 0.4845938118016467,
        "recall": 0.39606126914660833,
        "f1-score": 0.36577693858327365,
        "support": 457
    }
}