{
    "LMA": {
        "precision": 0.0,
        "recall": 0.0,
        "f1-score": 0.0,
        "support": 53
    },
    "LAD": {
        "precision": 0.2549450549450549,
        "recall": 0.9914529914529915,
        "f1-score": 0.4055944055944056,
        "support": 117
    },
    "LCX": {
        "precision": 0.0,
        "recall": 0.0,
        "f1-score": 0.0,
        "support": 138
    },
    "D": {
        "precision": 0.0,
        "recall": 0.0,
        "f1-score": 0.0,
        "support": 64
    },
    "OM": {
        "precision": 0.0,
        "recall": 0.0,
        "f1-score": 0.0,
        "support": 85
    },
    "accuracy": 0.2538293216630197,
    "macro avg": {
        "precision": 0.050989010989010985,
        "recall": 0.1982905982905983,
        "f1-score": 0.08111888111888113,
        "support": 457
    },
    "weighted avg": {
        "precision": 0.0652703969990622,
        "recall": 0.2538293216630197,
        "f1-score": 0.10383926795305352,
        "support": 457
    }
}