{
    "LMA": {
        "precision": 0.5555555555555556,
        "recall": 0.8823529411764706,
        "f1-score": 0.6818181818181819,
        "support": 51
    },
    "LAD": {
        "precision": 0.5925925925925926,
        "recall": 0.42857142857142855,
        "f1-score": 0.49740932642487046,
        "support": 112
    },
    "LCX": {
        "precision": 0.3016759776536313,
        "recall": 0.46956521739130436,
        "f1-score": 0.3673469387755102,
        "support": 115
    },
    "D": {
        "precision": 1.0,
        "recall": 0.03636363636363636,
        "f1-score": 0.07017543859649122,
        "support": 55
    },
    "OM": {
        "precision": 0.34375,
        "recall": 0.2972972972972973,
        "f1-score": 0.3188405797101449,
        "support": 74
    },
    "accuracy": 0.4201474201474201,
    "macro avg": {
        "precision": 0.5587148251603559,
        "recall": 0.4228301041600274,
        "f1-score": 0.38711809306503975,
        "support": 407
    },
    "weighted avg": {
        "precision": 0.5155625089284307,
        "recall": 0.4201474201474201,
        "f1-score": 0.393565901260084,
        "support": 407
    }
}