{
    "LMA": {
        "precision": 0.5625,
        "recall": 0.8653846153846154,
        "f1-score": 0.6818181818181818,
        "support": 52
    },
    "LAD": {
        "precision": 0.5465116279069767,
        "recall": 0.40869565217391307,
        "f1-score": 0.4676616915422886,
        "support": 115
    },
    "LCX": {
        "precision": 0.3072916666666667,
        "recall": 0.4796747967479675,
        "f1-score": 0.3746031746031746,
        "support": 123
    },
    "D": {
        "precision": 1.0,
        "recall": 0.034482758620689655,
        "f1-score": 0.06666666666666667,
        "support": 58
    },
    "OM": {
        "precision": 0.34285714285714286,
        "recall": 0.2926829268292683,
        "f1-score": 0.31578947368421056,
        "support": 82
    },
    "accuracy": 0.4116279069767442,
    "macro avg": {
        "precision": 0.5518320874861573,
        "recall": 0.4161841499512908,
        "f1-score": 0.38130783766290444,
        "support": 430
    },
    "weighted avg": {
        "precision": 0.5023488323804374,
        "recall": 0.4116279069767442,
        "f1-score": 0.38389124178342104,
        "support": 430
    }
}