{
    "LMA": {
        "precision": 0.5542168674698795,
        "recall": 0.8679245283018868,
        "f1-score": 0.6764705882352942,
        "support": 53
    },
    "LAD": {
        "precision": 0.5227272727272727,
        "recall": 0.39655172413793105,
        "f1-score": 0.45098039215686275,
        "support": 116
    },
    "LCX": {
        "precision": 0.3010204081632653,
        "recall": 0.45384615384615384,
        "f1-score": 0.3619631901840491,
        "support": 130
    },
    "D": {
        "precision": 1.0,
        "recall": 0.03333333333333333,
        "f1-score": 0.06451612903225806,
        "support": 60
    },
    "OM": {
        "precision": 0.3194444444444444,
        "recall": 0.2804878048780488,
        "f1-score": 0.29870129870129875,
        "support": 82
    },
    "accuracy": 0.39909297052154197,
    "macro avg": {
        "precision": 0.5394817985609723,
        "recall": 0.4064287088994708,
        "f1-score": 0.37052631966195254,
        "support": 441
    },
    "weighted avg": {
        "precision": 0.4882924152334153,
        "recall": 0.39909297052154197,
        "f1-score": 0.370944117065839,
        "support": 441
    }
}