{
    "LMA": {
        "precision": 0.5625,
        "recall": 0.9,
        "f1-score": 0.6923076923076923,
        "support": 50
    },
    "LAD": {
        "precision": 0.5875,
        "recall": 0.4392523364485981,
        "f1-score": 0.5026737967914439,
        "support": 107
    },
    "LCX": {
        "precision": 0.32142857142857145,
        "recall": 0.47368421052631576,
        "f1-score": 0.3829787234042553,
        "support": 114
    },
    "D": {
        "precision": 1.0,
        "recall": 0.0392156862745098,
        "f1-score": 0.07547169811320754,
        "support": 51
    },
    "OM": {
        "precision": 0.3387096774193548,
        "recall": 0.3,
        "f1-score": 0.3181818181818182,
        "support": 70
    },
    "accuracy": 0.43112244897959184,
    "macro avg": {
        "precision": 0.5620276497695853,
        "recall": 0.4304304466498848,
        "f1-score": 0.3943227457596834,
        "support": 392
    },
    "weighted avg": {
        "precision": 0.5161735575566633,
        "recall": 0.43112244897959184,
        "f1-score": 0.4035276510628956,
        "support": 392
    }
}