{
    "LMA": {
        "precision": 0.7049180327868853,
        "recall": 0.8113207547169812,
        "f1-score": 0.7543859649122806,
        "support": 53
    },
    "LAD": {
        "precision": 0.7586206896551724,
        "recall": 0.37606837606837606,
        "f1-score": 0.5028571428571429,
        "support": 117
    },
    "LCX": {
        "precision": 0.38095238095238093,
        "recall": 0.5797101449275363,
        "f1-score": 0.45977011494252873,
        "support": 138
    },
    "D": {
        "precision": 0.0,
        "recall": 0.0,
        "f1-score": 0.0,
        "support": 64
    },
    "OM": {
        "precision": 0.453125,
        "recall": 0.6823529411764706,
        "f1-score": 0.5446009389671361,
        "support": 85
    },
    "accuracy": 0.4923413566739606,
    "macro avg": {
        "precision": 0.4595232206788877,
        "recall": 0.48989044337787285,
        "f1-score": 0.4523228323358176,
        "support": 457
    },
    "weighted avg": {
        "precision": 0.4752873741767804,
        "recall": 0.4923413566739606,
        "f1-score": 0.4563590755556064,
        "support": 457
    }
}