{
    "LMA": {
        "precision": 0.5873015873015873,
        "recall": 0.6981132075471698,
        "f1-score": 0.6379310344827586,
        "support": 53
    },
    "LAD": {
        "precision": 0.6610169491525424,
        "recall": 0.3333333333333333,
        "f1-score": 0.4431818181818182,
        "support": 117
    },
    "LCX": {
        "precision": 0.375886524822695,
        "recall": 0.38405797101449274,
        "f1-score": 0.37992831541218636,
        "support": 138
    },
    "D": {
        "precision": 0.3235294117647059,
        "recall": 0.34375,
        "f1-score": 0.33333333333333337,
        "support": 64
    },
    "OM": {
        "precision": 0.3888888888888889,
        "recall": 0.5764705882352941,
        "f1-score": 0.46445497630331756,
        "support": 85
    },
    "accuracy": 0.437636761487965,
    "macro avg": {
        "precision": 0.46732467238608394,
        "recall": 0.46714502002605796,
        "f1-score": 0.4517658955426828,
        "support": 457
    },
    "weighted avg": {
        "precision": 0.4684895963060399,
        "recall": 0.437636761487965,
        "f1-score": 0.4352401124745208,
        "support": 457
    }
}