{
    "LMA": {
        "precision": 0.6885245901639344,
        "recall": 0.7924528301886793,
        "f1-score": 0.7368421052631579,
        "support": 53
    },
    "LAD": {
        "precision": 0.5942028985507246,
        "recall": 0.7008547008547008,
        "f1-score": 0.6431372549019607,
        "support": 117
    },
    "LCX": {
        "precision": 0.3943089430894309,
        "recall": 0.7028985507246377,
        "f1-score": 0.5052083333333334,
        "support": 138
    },
    "D": {
        "precision": 1.0,
        "recall": 0.015625,
        "f1-score": 0.03076923076923077,
        "support": 64
    },
    "OM": {
        "precision": 0.18181818181818182,
        "recall": 0.023529411764705882,
        "f1-score": 0.041666666666666664,
        "support": 85
    },
    "accuracy": 0.49015317286652077,
    "macro avg": {
        "precision": 0.5717709227244543,
        "recall": 0.44707209870654474,
        "f1-score": 0.3915247181868699,
        "support": 457
    },
    "weighted avg": {
        "precision": 0.5249074879868934,
        "recall": 0.49015317286652077,
        "f1-score": 0.4147250280927225,
        "support": 457
    }
}