{
    "LMA": {
        "precision": 0.573170731707317,
        "recall": 0.8867924528301887,
        "f1-score": 0.6962962962962962,
        "support": 53
    },
    "LAD": {
        "precision": 0.7105263157894737,
        "recall": 0.46153846153846156,
        "f1-score": 0.5595854922279793,
        "support": 117
    },
    "LCX": {
        "precision": 0.3619047619047619,
        "recall": 0.5507246376811594,
        "f1-score": 0.43678160919540227,
        "support": 138
    },
    "D": {
        "precision": 0.5,
        "recall": 0.015625,
        "f1-score": 0.030303030303030304,
        "support": 64
    },
    "OM": {
        "precision": 0.4482758620689655,
        "recall": 0.4588235294117647,
        "f1-score": 0.45348837209302323,
        "support": 85
    },
    "accuracy": 0.474835886214442,
    "macro avg": {
        "precision": 0.5187755342941036,
        "recall": 0.47470081629231486,
        "f1-score": 0.4352909600231462,
        "support": 457
    },
    "weighted avg": {
        "precision": 0.5110633110428346,
        "recall": 0.474835886214442,
        "f1-score": 0.4445010370473604,
        "support": 457
    }
}