{
    "LMA": {
        "precision": 0.45714285714285713,
        "recall": 0.9056603773584906,
        "f1-score": 0.6075949367088608,
        "support": 53
    },
    "LAD": {
        "precision": 0.6014492753623188,
        "recall": 0.7094017094017094,
        "f1-score": 0.6509803921568627,
        "support": 117
    },
    "LCX": {
        "precision": 0.4519230769230769,
        "recall": 0.34057971014492755,
        "f1-score": 0.38842975206611574,
        "support": 138
    },
    "D": {
        "precision": 0.6666666666666666,
        "recall": 0.03125,
        "f1-score": 0.05970149253731343,
        "support": 64
    },
    "OM": {
        "precision": 0.40186915887850466,
        "recall": 0.5058823529411764,
        "f1-score": 0.4479166666666667,
        "support": 85
    },
    "accuracy": 0.487964989059081,
    "macro avg": {
        "precision": 0.5158102069946848,
        "recall": 0.4985548299692608,
        "f1-score": 0.43092464802716385,
        "support": 457
    },
    "weighted avg": {
        "precision": 0.511573449524479,
        "recall": 0.487964989059081,
        "f1-score": 0.44609268162385396,
        "support": 457
    }
}