{
    "LMA": {
        "precision": 0.0,
        "recall": 0.0,
        "f1-score": 0.0,
        "support": 53
    },
    "LAD": {
        "precision": 0.5,
        "recall": 0.44537815126050423,
        "f1-score": 0.47111111111111115,
        "support": 119
    },
    "LCX": {
        "precision": 0.3324175824175824,
        "recall": 0.8461538461538461,
        "f1-score": 0.4773175542406311,
        "support": 143
    },
    "D": {
        "precision": 0.0,
        "recall": 0.0,
        "f1-score": 0.0,
        "support": 66
    },
    "OM": {
        "precision": 0.0,
        "recall": 0.0,
        "f1-score": 0.0,
        "support": 90
    },
    "accuracy": 0.36942675159235666,
    "macro avg": {
        "precision": 0.16648351648351647,
        "recall": 0.2583063994828701,
        "f1-score": 0.18968573307034844,
        "support": 471
    },
    "weighted avg": {
        "precision": 0.22725204731574156,
        "recall": 0.36942675159235666,
        "f1-score": 0.2639461411435934,
        "support": 471
    }
}