{
    "LMA": {
        "precision": 0.0,
        "recall": 0.0,
        "f1-score": 0.0,
        "support": 53
    },
    "LAD": {
        "precision": 0.4449760765550239,
        "recall": 0.7815126050420168,
        "f1-score": 0.5670731707317073,
        "support": 119
    },
    "LCX": {
        "precision": 0.3702290076335878,
        "recall": 0.6783216783216783,
        "f1-score": 0.47901234567901235,
        "support": 143
    },
    "D": {
        "precision": 0.0,
        "recall": 0.0,
        "f1-score": 0.0,
        "support": 66
    },
    "OM": {
        "precision": 0.0,
        "recall": 0.0,
        "f1-score": 0.0,
        "support": 90
    },
    "accuracy": 0.4033970276008493,
    "macro avg": {
        "precision": 0.16304101683772235,
        "recall": 0.29196685667273903,
        "f1-score": 0.20921710328214393,
        "support": 471
    },
    "weighted avg": {
        "precision": 0.22482993885700828,
        "recall": 0.4033970276008493,
        "f1-score": 0.28870588694091703,
        "support": 471
    }
}