{
    "LMA": {
        "precision": 0.0,
        "recall": 0.0,
        "f1-score": 0.0,
        "support": 53
    },
    "LAD": {
        "precision": 0.43805309734513276,
        "recall": 0.8319327731092437,
        "f1-score": 0.5739130434782609,
        "support": 119
    },
    "LCX": {
        "precision": 0.37142857142857144,
        "recall": 0.6363636363636364,
        "f1-score": 0.46907216494845366,
        "support": 143
    },
    "D": {
        "precision": 0.0,
        "recall": 0.0,
        "f1-score": 0.0,
        "support": 66
    },
    "OM": {
        "precision": 0.0,
        "recall": 0.0,
        "f1-score": 0.0,
        "support": 90
    },
    "accuracy": 0.4033970276008493,
    "macro avg": {
        "precision": 0.16189633375474083,
        "recall": 0.293659281894576,
        "f1-score": 0.20859704168534293,
        "support": 471
    },
    "weighted avg": {
        "precision": 0.22344501974173356,
        "recall": 0.4033970276008493,
        "f1-score": 0.2874160759268406,
        "support": 471
    }
}