{
    "LMA": {
        "precision": 0.0,
        "recall": 0.0,
        "f1-score": 0.0,
        "support": 53
    },
    "LAD": {
        "precision": 0.46621621621621623,
        "recall": 0.5798319327731093,
        "f1-score": 0.5168539325842697,
        "support": 119
    },
    "LCX": {
        "precision": 0.3355263157894737,
        "recall": 0.7132867132867133,
        "f1-score": 0.45637583892617445,
        "support": 143
    },
    "D": {
        "precision": 0.0,
        "recall": 0.0,
        "f1-score": 0.0,
        "support": 66
    },
    "OM": {
        "precision": 0.05263157894736842,
        "recall": 0.011111111111111112,
        "f1-score": 0.01834862385321101,
        "support": 90
    },
    "accuracy": 0.3651804670912951,
    "macro avg": {
        "precision": 0.17087482219061165,
        "recall": 0.26084595143418676,
        "f1-score": 0.198315679072731,
        "support": 471
    },
    "weighted avg": {
        "precision": 0.2297172717471075,
        "recall": 0.3651804670912951,
        "f1-score": 0.27265125072348206,
        "support": 471
    }
}