{
    "LMA": {
        "precision": 0.0,
        "recall": 0.0,
        "f1-score": 0.0,
        "support": 53
    },
    "LAD": {
        "precision": 0.42452830188679247,
        "recall": 0.7563025210084033,
        "f1-score": 0.5438066465256798,
        "support": 119
    },
    "LCX": {
        "precision": 0.40119760479041916,
        "recall": 0.46853146853146854,
        "f1-score": 0.4322580645161291,
        "support": 143
    },
    "D": {
        "precision": 0.0,
        "recall": 0.0,
        "f1-score": 0.0,
        "support": 66
    },
    "OM": {
        "precision": 0.5217391304347826,
        "recall": 0.5333333333333333,
        "f1-score": 0.5274725274725275,
        "support": 90
    },
    "accuracy": 0.43524416135881105,
    "macro avg": {
        "precision": 0.2694930074223988,
        "recall": 0.35163346457464106,
        "f1-score": 0.3007074477028673,
        "support": 471
    },
    "weighted avg": {
        "precision": 0.32876145891441333,
        "recall": 0.43524416135881105,
        "f1-score": 0.36942340049870453,
        "support": 471
    }
}