{
    "LMA": {
        "precision": 0.0,
        "recall": 0.0,
        "f1-score": 0.0,
        "support": 53
    },
    "LAD": {
        "precision": 0.4342105263157895,
        "recall": 0.8319327731092437,
        "f1-score": 0.5706051873198847,
        "support": 119
    },
    "LCX": {
        "precision": 0.37448559670781895,
        "recall": 0.6363636363636364,
        "f1-score": 0.4715025906735751,
        "support": 143
    },
    "D": {
        "precision": 0.0,
        "recall": 0.0,
        "f1-score": 0.0,
        "support": 66
    },
    "OM": {
        "precision": 0.0,
        "recall": 0.0,
        "f1-score": 0.0,
        "support": 90
    },
    "accuracy": 0.4033970276008493,
    "macro avg": {
        "precision": 0.1617392246047217,
        "recall": 0.293659281894576,
        "f1-score": 0.20842155559869197,
        "support": 471
    },
    "weighted avg": {
        "precision": 0.22340232051124642,
        "recall": 0.4033970276008493,
        "f1-score": 0.2873182330305467,
        "support": 471
    }
}