{
    "LMA": {
        "precision": 0.0,
        "recall": 0.0,
        "f1-score": 0.0,
        "support": 53
    },
    "LAD": {
        "precision": 0.4632352941176471,
        "recall": 0.5294117647058824,
        "f1-score": 0.49411764705882355,
        "support": 119
    },
    "LCX": {
        "precision": 0.3333333333333333,
        "recall": 0.5454545454545454,
        "f1-score": 0.41379310344827586,
        "support": 143
    },
    "D": {
        "precision": 0.0,
        "recall": 0.0,
        "f1-score": 0.0,
        "support": 66
    },
    "OM": {
        "precision": 0.46534653465346537,
        "recall": 0.5222222222222223,
        "f1-score": 0.49214659685863876,
        "support": 90
    },
    "accuracy": 0.3991507430997877,
    "macro avg": {
        "precision": 0.25238303242088916,
        "recall": 0.31941770647652995,
        "f1-score": 0.2800114694731476,
        "support": 471
    },
    "weighted avg": {
        "precision": 0.3071610504999544,
        "recall": 0.3991507430997877,
        "f1-score": 0.3445129671133353,
        "support": 471
    }
}