{
    "LMA": {
        "precision": 0.0,
        "recall": 0.0,
        "f1-score": 0.0,
        "support": 53
    },
    "LAD": {
        "precision": 0.49504950495049505,
        "recall": 0.42016806722689076,
        "f1-score": 0.45454545454545453,
        "support": 119
    },
    "LCX": {
        "precision": 0.32972972972972975,
        "recall": 0.8531468531468531,
        "f1-score": 0.47563352826510724,
        "support": 143
    },
    "D": {
        "precision": 0.0,
        "recall": 0.0,
        "f1-score": 0.0,
        "support": 66
    },
    "OM": {
        "precision": 0.0,
        "recall": 0.0,
        "f1-score": 0.0,
        "support": 90
    },
    "accuracy": 0.3651804670912951,
    "macro avg": {
        "precision": 0.16495584693604495,
        "recall": 0.2546629840747488,
        "f1-score": 0.18603579656211236,
        "support": 471
    },
    "weighted avg": {
        "precision": 0.22518522811138061,
        "recall": 0.3651804670912951,
        "f1-score": 0.2592494769274298,
        "support": 471
    }
}