{
    "LMA": {
        "precision": 0.6666666666666666,
        "recall": 0.03773584905660377,
        "f1-score": 0.07142857142857142,
        "support": 53
    },
    "LAD": {
        "precision": 0.488,
        "recall": 0.5126050420168067,
        "f1-score": 0.5,
        "support": 119
    },
    "LCX": {
        "precision": 0.33527696793002915,
        "recall": 0.8041958041958042,
        "f1-score": 0.4732510288065843,
        "support": 143
    },
    "D": {
        "precision": 0.0,
        "recall": 0.0,
        "f1-score": 0.0,
        "support": 66
    },
    "OM": {
        "precision": 0.0,
        "recall": 0.0,
        "f1-score": 0.0,
        "support": 90
    },
    "accuracy": 0.37791932059447986,
    "macro avg": {
        "precision": 0.29798872691933914,
        "recall": 0.2709073390538429,
        "f1-score": 0.20893592004703115,
        "support": 471
    },
    "weighted avg": {
        "precision": 0.3001060291875318,
        "recall": 0.37791932059447986,
        "f1-score": 0.2780480072294179,
        "support": 471
    }
}