{
    "LMA": {
        "precision": 0.0,
        "recall": 0.0,
        "f1-score": 0.0,
        "support": 53
    },
    "LAD": {
        "precision": 0.4819277108433735,
        "recall": 0.6722689075630253,
        "f1-score": 0.5614035087719299,
        "support": 119
    },
    "LCX": {
        "precision": 0.35144927536231885,
        "recall": 0.6783216783216783,
        "f1-score": 0.4630071599045346,
        "support": 143
    },
    "D": {
        "precision": 0.0,
        "recall": 0.0,
        "f1-score": 0.0,
        "support": 66
    },
    "OM": {
        "precision": 0.034482758620689655,
        "recall": 0.011111111111111112,
        "f1-score": 0.01680672268907563,
        "support": 90
    },
    "accuracy": 0.37791932059447986,
    "macro avg": {
        "precision": 0.1735719489652764,
        "recall": 0.2723403393991629,
        "f1-score": 0.20824347827310802,
        "support": 471
    },
    "weighted avg": {
        "precision": 0.23505327440134843,
        "recall": 0.37791932059447986,
        "f1-score": 0.2856255763316877,
        "support": 471
    }
}