{
    "LMA": {
        "precision": 0.0,
        "recall": 0.0,
        "f1-score": 0.0,
        "support": 53
    },
    "LAD": {
        "precision": 0.4774193548387097,
        "recall": 0.6218487394957983,
        "f1-score": 0.5401459854014599,
        "support": 119
    },
    "LCX": {
        "precision": 0.5,
        "recall": 0.006993006993006993,
        "f1-score": 0.013793103448275862,
        "support": 143
    },
    "D": {
        "precision": 0.2125984251968504,
        "recall": 0.4090909090909091,
        "f1-score": 0.27979274611398963,
        "support": 66
    },
    "OM": {
        "precision": 0.3641304347826087,
        "recall": 0.7444444444444445,
        "f1-score": 0.48905109489051096,
        "support": 90
    },
    "accuracy": 0.35881104033970274,
    "macro avg": {
        "precision": 0.31082964296363375,
        "recall": 0.3564754200048318,
        "f1-score": 0.2645565859708473,
        "support": 471
    },
    "weighted avg": {
        "precision": 0.37179647222767165,
        "recall": 0.35881104033970274,
        "f1-score": 0.2733136005085912,
        "support": 471
    }
}