{
    "LMA": {
        "precision": 0.0,
        "recall": 0.0,
        "f1-score": 0.0,
        "support": 53
    },
    "LAD": {
        "precision": 0.4267241379310345,
        "recall": 0.8319327731092437,
        "f1-score": 0.5641025641025641,
        "support": 119
    },
    "LCX": {
        "precision": 0.36401673640167365,
        "recall": 0.6083916083916084,
        "f1-score": 0.4554973821989529,
        "support": 143
    },
    "D": {
        "precision": 0.0,
        "recall": 0.0,
        "f1-score": 0.0,
        "support": 66
    },
    "OM": {
        "precision": 0.0,
        "recall": 0.0,
        "f1-score": 0.0,
        "support": 90
    },
    "accuracy": 0.39490445859872614,
    "macro avg": {
        "precision": 0.15814817486654162,
        "recall": 0.2880648763001704,
        "f1-score": 0.2039199892603034,
        "support": 471
    },
    "weighted avg": {
        "precision": 0.21833241129348716,
        "recall": 0.39490445859872614,
        "f1-score": 0.28081598892283527,
        "support": 471
    }
}