{
    "LMA": {
        "precision": 0.0,
        "recall": 0.0,
        "f1-score": 0.0,
        "support": 53
    },
    "LAD": {
        "precision": 0.4897959183673469,
        "recall": 0.20168067226890757,
        "f1-score": 0.2857142857142857,
        "support": 119
    },
    "LCX": {
        "precision": 0.2974910394265233,
        "recall": 0.5804195804195804,
        "f1-score": 0.39336492890995256,
        "support": 143
    },
    "D": {
        "precision": 0.0,
        "recall": 0.0,
        "f1-score": 0.0,
        "support": 66
    },
    "OM": {
        "precision": 0.40559440559440557,
        "recall": 0.6444444444444445,
        "f1-score": 0.4978540772532189,
        "support": 90
    },
    "accuracy": 0.3503184713375796,
    "macro avg": {
        "precision": 0.23857627267765516,
        "recall": 0.2853089394265865,
        "f1-score": 0.23538665837549141,
        "support": 471
    },
    "weighted avg": {
        "precision": 0.2915720370004323,
        "recall": 0.3503184713375796,
        "f1-score": 0.2867474560231697,
        "support": 471
    }
}