{
    "LMA": {
        "precision": 0.0,
        "recall": 0.0,
        "f1-score": 0.0,
        "support": 53
    },
    "LAD": {
        "precision": 0.4840764331210191,
        "recall": 0.6386554621848739,
        "f1-score": 0.5507246376811594,
        "support": 119
    },
    "LCX": {
        "precision": 0.3464052287581699,
        "recall": 0.7412587412587412,
        "f1-score": 0.47216035634743875,
        "support": 143
    },
    "D": {
        "precision": 0.0,
        "recall": 0.0,
        "f1-score": 0.0,
        "support": 66
    },
    "OM": {
        "precision": 0.125,
        "recall": 0.011111111111111112,
        "f1-score": 0.020408163265306124,
        "support": 90
    },
    "accuracy": 0.3885350318471338,
    "macro avg": {
        "precision": 0.1910963323758378,
        "recall": 0.27820506291094527,
        "f1-score": 0.20865863145878089,
        "support": 471
    },
    "weighted avg": {
        "precision": 0.2513610260166021,
        "recall": 0.3885350318471338,
        "f1-score": 0.2863946869121428,
        "support": 471
    }
}