{
    "LMA": {
        "precision": 0.0,
        "recall": 0.0,
        "f1-score": 0.0,
        "support": 53
    },
    "LAD": {
        "precision": 0.3917910447761194,
        "recall": 0.8823529411764706,
        "f1-score": 0.5426356589147286,
        "support": 119
    },
    "LCX": {
        "precision": 0.35960591133004927,
        "recall": 0.5104895104895105,
        "f1-score": 0.42196531791907516,
        "support": 143
    },
    "D": {
        "precision": 0.0,
        "recall": 0.0,
        "f1-score": 0.0,
        "support": 66
    },
    "OM": {
        "precision": 0.0,
        "recall": 0.0,
        "f1-score": 0.0,
        "support": 90
    },
    "accuracy": 0.37791932059447986,
    "macro avg": {
        "precision": 0.15027939122123374,
        "recall": 0.2785684903331962,
        "f1-score": 0.19292019536676075,
        "support": 471
    },
    "weighted avg": {
        "precision": 0.20816726040032962,
        "recall": 0.37791932059447986,
        "f1-score": 0.26521164304305833,
        "support": 471
    }
}