{
    "LMA": {
        "precision": 0.0,
        "recall": 0.0,
        "f1-score": 0.0,
        "support": 53
    },
    "LAD": {
        "precision": 0.4080717488789238,
        "recall": 0.7647058823529411,
        "f1-score": 0.5321637426900585,
        "support": 119
    },
    "LCX": {
        "precision": 0.3699421965317919,
        "recall": 0.44755244755244755,
        "f1-score": 0.4050632911392405,
        "support": 143
    },
    "D": {
        "precision": 0.0,
        "recall": 0.0,
        "f1-score": 0.0,
        "support": 66
    },
    "OM": {
        "precision": 0.5866666666666667,
        "recall": 0.4888888888888889,
        "f1-score": 0.5333333333333333,
        "support": 90
    },
    "accuracy": 0.42250530785562634,
    "macro avg": {
        "precision": 0.2729361224154765,
        "recall": 0.3402294437588555,
        "f1-score": 0.29411207343252643,
        "support": 471
    },
    "weighted avg": {
        "precision": 0.32752074781451845,
        "recall": 0.42250530785562634,
        "f1-score": 0.3593450870764933,
        "support": 471
    }
}