{
    "LMA": {
        "precision": 0.0,
        "recall": 0.0,
        "f1-score": 0.0,
        "support": 53
    },
    "LAD": {
        "precision": 0.0,
        "recall": 0.0,
        "f1-score": 0.0,
        "support": 119
    },
    "LCX": {
        "precision": 0.3021276595744681,
        "recall": 0.993006993006993,
        "f1-score": 0.46329526916802605,
        "support": 143
    },
    "D": {
        "precision": 0.0,
        "recall": 0.0,
        "f1-score": 0.0,
        "support": 66
    },
    "OM": {
        "precision": 0.0,
        "recall": 0.0,
        "f1-score": 0.0,
        "support": 90
    },
    "accuracy": 0.30148619957537154,
    "macro avg": {
        "precision": 0.06042553191489362,
        "recall": 0.1986013986013986,
        "f1-score": 0.0926590538336052,
        "support": 471
    },
    "weighted avg": {
        "precision": 0.09172877987080454,
        "recall": 0.30148619957537154,
        "f1-score": 0.14066077174315866,
        "support": 471
    }
}