{
    "LMA": {
        "precision": 0.0,
        "recall": 0.0,
        "f1-score": 0.0,
        "support": 53
    },
    "LAD": {
        "precision": 0.4016393442622951,
        "recall": 0.8235294117647058,
        "f1-score": 0.5399449035812671,
        "support": 119
    },
    "LCX": {
        "precision": 0.36123348017621143,
        "recall": 0.5734265734265734,
        "f1-score": 0.4432432432432432,
        "support": 143
    },
    "D": {
        "precision": 0.0,
        "recall": 0.0,
        "f1-score": 0.0,
        "support": 66
    },
    "OM": {
        "precision": 0.0,
        "recall": 0.0,
        "f1-score": 0.0,
        "support": 90
    },
    "accuracy": 0.3821656050955414,
    "macro avg": {
        "precision": 0.15257456488770132,
        "recall": 0.2793911970382559,
        "f1-score": 0.19663762936490206,
        "support": 471
    },
    "weighted avg": {
        "precision": 0.2111496170539519,
        "recall": 0.3821656050955414,
        "f1-score": 0.2709919900423664,
        "support": 471
    }
}