{
    "LMA": {
        "precision": 0.0,
        "recall": 0.0,
        "f1-score": 0.0,
        "support": 53
    },
    "LAD": {
        "precision": 0.46236559139784944,
        "recall": 0.7226890756302521,
        "f1-score": 0.5639344262295082,
        "support": 119
    },
    "LCX": {
        "precision": 0.3698630136986301,
        "recall": 0.3776223776223776,
        "f1-score": 0.37370242214532867,
        "support": 143
    },
    "D": {
        "precision": 0.0,
        "recall": 0.0,
        "f1-score": 0.0,
        "support": 66
    },
    "OM": {
        "precision": 0.41007194244604317,
        "recall": 0.6333333333333333,
        "f1-score": 0.4978165938864629,
        "support": 90
    },
    "accuracy": 0.4182590233545648,
    "macro avg": {
        "precision": 0.24846010950850453,
        "recall": 0.3467289573171926,
        "f1-score": 0.28709068845225993,
        "support": 471
    },
    "weighted avg": {
        "precision": 0.30747004491590674,
        "recall": 0.4182590233545648,
        "f1-score": 0.3510639841568474,
        "support": 471
    }
}