{
    "LMA": {
        "precision": 0.0,
        "recall": 0.0,
        "f1-score": 0.0,
        "support": 53
    },
    "LAD": {
        "precision": 0.47101449275362317,
        "recall": 0.5462184873949579,
        "f1-score": 0.5058365758754864,
        "support": 119
    },
    "LCX": {
        "precision": 0.34156378600823045,
        "recall": 0.5804195804195804,
        "f1-score": 0.43005181347150256,
        "support": 143
    },
    "D": {
        "precision": 0.0,
        "recall": 0.0,
        "f1-score": 0.0,
        "support": 66
    },
    "OM": {
        "precision": 0.5,
        "recall": 0.5,
        "f1-score": 0.5,
        "support": 90
    },
    "accuracy": 0.40976645435244163,
    "macro avg": {
        "precision": 0.26251565575237074,
        "recall": 0.3253276135629076,
        "f1-score": 0.2871776778693978,
        "support": 471
    },
    "weighted avg": {
        "precision": 0.31824701918653525,
        "recall": 0.40976645435244163,
        "f1-score": 0.3539107470395069,
        "support": 471
    }
}