{
    "LMA": {
        "precision": 0.21428571428571427,
        "recall": 0.16981132075471697,
        "f1-score": 0.1894736842105263,
        "support": 53
    },
    "LAD": {
        "precision": 0.4140127388535032,
        "recall": 0.5462184873949579,
        "f1-score": 0.47101449275362317,
        "support": 119
    },
    "LCX": {
        "precision": 0.3382352941176471,
        "recall": 0.6433566433566433,
        "f1-score": 0.4433734939759036,
        "support": 143
    },
    "D": {
        "precision": 0.0,
        "recall": 0.0,
        "f1-score": 0.0,
        "support": 66
    },
    "OM": {
        "precision": 0.0,
        "recall": 0.0,
        "f1-score": 0.0,
        "support": 90
    },
    "accuracy": 0.3524416135881104,
    "macro avg": {
        "precision": 0.1933067494513729,
        "recall": 0.2718772903012637,
        "f1-score": 0.22077233418801062,
        "support": 471
    },
    "weighted avg": {
        "precision": 0.23140616951068632,
        "recall": 0.3524416135881104,
        "f1-score": 0.27493681430869055,
        "support": 471
    }
}