{
    "LMA": {
        "precision": 0.2647058823529412,
        "recall": 0.34615384615384615,
        "f1-score": 0.29999999999999993,
        "support": 52
    },
    "LAD": {
        "precision": 0.36,
        "recall": 0.3103448275862069,
        "f1-score": 0.3333333333333333,
        "support": 116
    },
    "LCX": {
        "precision": 0.33448275862068966,
        "recall": 0.697841726618705,
        "f1-score": 0.4522144522144522,
        "support": 139
    },
    "D": {
        "precision": 0.0,
        "recall": 0.0,
        "f1-score": 0.0,
        "support": 64
    },
    "OM": {
        "precision": 0.0,
        "recall": 0.0,
        "f1-score": 0.0,
        "support": 87
    },
    "accuracy": 0.3296943231441048,
    "macro avg": {
        "precision": 0.19183772819472616,
        "recall": 0.27086808007175167,
        "f1-score": 0.2171095571095571,
        "support": 458
    },
    "weighted avg": {
        "precision": 0.22274630858215896,
        "recall": 0.3296943231441048,
        "f1-score": 0.2557302959049684,
        "support": 458
    }
}