{
    "LMA": {
        "precision": 0.0,
        "recall": 0.0,
        "f1-score": 0.0,
        "support": 52
    },
    "LAD": {
        "precision": 0.3841059602649007,
        "recall": 0.5,
        "f1-score": 0.4344569288389514,
        "support": 116
    },
    "LCX": {
        "precision": 0.3322475570032573,
        "recall": 0.7338129496402878,
        "f1-score": 0.4573991031390134,
        "support": 139
    },
    "D": {
        "precision": 0.0,
        "recall": 0.0,
        "f1-score": 0.0,
        "support": 64
    },
    "OM": {
        "precision": 0.0,
        "recall": 0.0,
        "f1-score": 0.0,
        "support": 87
    },
    "accuracy": 0.34934497816593885,
    "macro avg": {
        "precision": 0.1432707034536316,
        "recall": 0.24676258992805752,
        "f1-score": 0.17837120639559295,
        "support": 458
    },
    "weighted avg": {
        "precision": 0.19811943627550488,
        "recall": 0.34934497816593885,
        "f1-score": 0.24885475782017735,
        "support": 458
    }
}