{
    "LMA": {
        "precision": 0.5285714285714286,
        "recall": 0.7115384615384616,
        "f1-score": 0.6065573770491803,
        "support": 52
    },
    "LAD": {
        "precision": 0.5114503816793893,
        "recall": 0.5775862068965517,
        "f1-score": 0.5425101214574899,
        "support": 116
    },
    "LCX": {
        "precision": 0.43636363636363634,
        "recall": 0.17266187050359713,
        "f1-score": 0.24742268041237114,
        "support": 139
    },
    "D": {
        "precision": 0.375,
        "recall": 0.046875,
        "f1-score": 0.08333333333333333,
        "support": 64
    },
    "OM": {
        "precision": 0.33505154639175255,
        "recall": 0.7471264367816092,
        "f1-score": 0.4626334519572953,
        "support": 87
    },
    "accuracy": 0.4279475982532751,
    "macro avg": {
        "precision": 0.43728739860124133,
        "recall": 0.4511575951440439,
        "f1-score": 0.38849139284193396,
        "support": 458
    },
    "weighted avg": {
        "precision": 0.43803054268810343,
        "recall": 0.4279475982532751,
        "f1-score": 0.3808872356475193,
        "support": 458
    }
}