{
    "LMA": {
        "precision": 0.0,
        "recall": 0.0,
        "f1-score": 0.0,
        "support": 52
    },
    "LAD": {
        "precision": 0.35564853556485354,
        "recall": 0.7327586206896551,
        "f1-score": 0.47887323943661975,
        "support": 116
    },
    "LCX": {
        "precision": 0.40217391304347827,
        "recall": 0.26618705035971224,
        "f1-score": 0.3203463203463203,
        "support": 139
    },
    "D": {
        "precision": 0.0,
        "recall": 0.0,
        "f1-score": 0.0,
        "support": 64
    },
    "OM": {
        "precision": 0.4015748031496063,
        "recall": 0.5862068965517241,
        "f1-score": 0.47663551401869153,
        "support": 87
    },
    "accuracy": 0.3777292576419214,
    "macro avg": {
        "precision": 0.2318794503515876,
        "recall": 0.31703051352021827,
        "f1-score": 0.25517101476032633,
        "support": 458
    },
    "weighted avg": {
        "precision": 0.28841574653402235,
        "recall": 0.3777292576419214,
        "f1-score": 0.30904961576945983,
        "support": 458
    }
}