{
    "LMA": {
        "precision": 0.0,
        "recall": 0.0,
        "f1-score": 0.0,
        "support": 52
    },
    "LAD": {
        "precision": 0.37037037037037035,
        "recall": 0.6896551724137931,
        "f1-score": 0.48192771084337355,
        "support": 116
    },
    "LCX": {
        "precision": 0.33793103448275863,
        "recall": 0.35251798561151076,
        "f1-score": 0.34507042253521125,
        "support": 139
    },
    "D": {
        "precision": 0.0,
        "recall": 0.0,
        "f1-score": 0.0,
        "support": 64
    },
    "OM": {
        "precision": 0.4020618556701031,
        "recall": 0.4482758620689655,
        "f1-score": 0.4239130434782609,
        "support": 87
    },
    "accuracy": 0.36681222707423583,
    "macro avg": {
        "precision": 0.2220726521046464,
        "recall": 0.2980898040188539,
        "f1-score": 0.25018223537136913,
        "support": 458
    },
    "weighted avg": {
        "precision": 0.27273964672350515,
        "recall": 0.36681222707423583,
        "f1-score": 0.30731187330313187,
        "support": 458
    }
}