{
    "LMA": {
        "precision": 0.4782608695652174,
        "recall": 0.8461538461538461,
        "f1-score": 0.6111111111111112,
        "support": 52
    },
    "LAD": {
        "precision": 0.47474747474747475,
        "recall": 0.4051724137931034,
        "f1-score": 0.4372093023255814,
        "support": 116
    },
    "LCX": {
        "precision": 0.3581395348837209,
        "recall": 0.5539568345323741,
        "f1-score": 0.4350282485875706,
        "support": 139
    },
    "D": {
        "precision": 0.0,
        "recall": 0.0,
        "f1-score": 0.0,
        "support": 64
    },
    "OM": {
        "precision": 0.28846153846153844,
        "recall": 0.1724137931034483,
        "f1-score": 0.2158273381294964,
        "support": 87
    },
    "accuracy": 0.39956331877729256,
    "macro avg": {
        "precision": 0.3199218835315903,
        "recall": 0.39553937751655444,
        "f1-score": 0.33983520003075196,
        "support": 458
    },
    "weighted avg": {
        "precision": 0.33803017791067563,
        "recall": 0.39956331877729256,
        "f1-score": 0.3531440214377374,
        "support": 458
    }
}