{
    "LMA": {
        "precision": 0.38461538461538464,
        "recall": 0.09615384615384616,
        "f1-score": 0.15384615384615385,
        "support": 52
    },
    "LAD": {
        "precision": 0.3333333333333333,
        "recall": 0.6379310344827587,
        "f1-score": 0.43786982248520717,
        "support": 116
    },
    "LCX": {
        "precision": 0.1935483870967742,
        "recall": 0.04316546762589928,
        "f1-score": 0.07058823529411765,
        "support": 139
    },
    "D": {
        "precision": 0.0,
        "recall": 0.0,
        "f1-score": 0.0,
        "support": 64
    },
    "OM": {
        "precision": 0.28125,
        "recall": 0.6206896551724138,
        "f1-score": 0.3870967741935484,
        "support": 87
    },
    "accuracy": 0.3034934497816594,
    "macro avg": {
        "precision": 0.23854942100909843,
        "recall": 0.2795880006869836,
        "f1-score": 0.20988019716380543,
        "support": 458
    },
    "weighted avg": {
        "precision": 0.2402590447011316,
        "recall": 0.3034934497816594,
        "f1-score": 0.22332332635153954,
        "support": 458
    }
}