{
    "LMA": {
        "precision": 0.7727272727272727,
        "recall": 0.6538461538461539,
        "f1-score": 0.7083333333333333,
        "support": 52
    },
    "LAD": {
        "precision": 0.6883116883116883,
        "recall": 0.45689655172413796,
        "f1-score": 0.5492227979274611,
        "support": 116
    },
    "LCX": {
        "precision": 0.38308457711442784,
        "recall": 0.5539568345323741,
        "f1-score": 0.4529411764705882,
        "support": 139
    },
    "D": {
        "precision": 0.0,
        "recall": 0.0,
        "f1-score": 0.0,
        "support": 64
    },
    "OM": {
        "precision": 0.375,
        "recall": 0.5862068965517241,
        "f1-score": 0.4573991031390134,
        "support": 87
    },
    "accuracy": 0.46943231441048033,
    "macro avg": {
        "precision": 0.44382470763067783,
        "recall": 0.45018128733087803,
        "f1-score": 0.43357928217407915,
        "support": 458
    },
    "weighted avg": {
        "precision": 0.4495627297923133,
        "recall": 0.46943231441048033,
        "f1-score": 0.44387712531752127,
        "support": 458
    }
}