{
    "LMA": {
        "precision": 0.21153846153846154,
        "recall": 0.21153846153846154,
        "f1-score": 0.21153846153846154,
        "support": 52
    },
    "LAD": {
        "precision": 0.5333333333333333,
        "recall": 0.06896551724137931,
        "f1-score": 0.12213740458015267,
        "support": 116
    },
    "LCX": {
        "precision": 0.3171355498721228,
        "recall": 0.8920863309352518,
        "f1-score": 0.46792452830188686,
        "support": 139
    },
    "D": {
        "precision": 0.0,
        "recall": 0.0,
        "f1-score": 0.0,
        "support": 64
    },
    "OM": {
        "precision": 0.0,
        "recall": 0.0,
        "f1-score": 0.0,
        "support": 87
    },
    "accuracy": 0.31222707423580787,
    "macro avg": {
        "precision": 0.21240146894878356,
        "recall": 0.23451806194301855,
        "f1-score": 0.16032007888410021,
        "support": 458
    },
    "weighted avg": {
        "precision": 0.25534608755216537,
        "recall": 0.31222707423580787,
        "f1-score": 0.19696386105951963,
        "support": 458
    }
}