{
    "LMA": {
        "precision": 0.4090909090909091,
        "recall": 0.17307692307692307,
        "f1-score": 0.24324324324324326,
        "support": 52
    },
    "LAD": {
        "precision": 0.3742690058479532,
        "recall": 0.5517241379310345,
        "f1-score": 0.445993031358885,
        "support": 116
    },
    "LCX": {
        "precision": 0.4021164021164021,
        "recall": 0.5467625899280576,
        "f1-score": 0.46341463414634143,
        "support": 139
    },
    "D": {
        "precision": 0.0,
        "recall": 0.0,
        "f1-score": 0.0,
        "support": 64
    },
    "OM": {
        "precision": 0.4868421052631579,
        "recall": 0.42528735632183906,
        "f1-score": 0.45398773006134974,
        "support": 87
    },
    "accuracy": 0.40611353711790393,
    "macro avg": {
        "precision": 0.33446368446368446,
        "recall": 0.3393702014515709,
        "f1-score": 0.3213277277619639,
        "support": 458
    },
    "weighted avg": {
        "precision": 0.3557584607055993,
        "recall": 0.40611353711790393,
        "f1-score": 0.36745722041038903,
        "support": 458
    }
}