{
    "LMA": {
        "precision": 0.5492957746478874,
        "recall": 0.75,
        "f1-score": 0.6341463414634145,
        "support": 52
    },
    "LAD": {
        "precision": 0.4968944099378882,
        "recall": 0.6896551724137931,
        "f1-score": 0.5776173285198556,
        "support": 116
    },
    "LCX": {
        "precision": 0.3515981735159817,
        "recall": 0.5539568345323741,
        "f1-score": 0.4301675977653631,
        "support": 139
    },
    "D": {
        "precision": 0.0,
        "recall": 0.0,
        "f1-score": 0.0,
        "support": 64
    },
    "OM": {
        "precision": 0.5714285714285714,
        "recall": 0.04597701149425287,
        "f1-score": 0.08510638297872342,
        "support": 87
    },
    "accuracy": 0.4366812227074236,
    "macro avg": {
        "precision": 0.3938433859060657,
        "recall": 0.40791780368808406,
        "f1-score": 0.3454075301454713,
        "support": 458
    },
    "weighted avg": {
        "precision": 0.4034706630294593,
        "recall": 0.4366812227074236,
        "f1-score": 0.36501478443872315,
        "support": 458
    }
}