{
    "LMA": {
        "precision": 0.5609756097560976,
        "recall": 0.4423076923076923,
        "f1-score": 0.4946236559139785,
        "support": 52
    },
    "LAD": {
        "precision": 0.49586776859504134,
        "recall": 0.5172413793103449,
        "f1-score": 0.5063291139240507,
        "support": 116
    },
    "LCX": {
        "precision": 0.37383177570093457,
        "recall": 0.28776978417266186,
        "f1-score": 0.32520325203252026,
        "support": 139
    },
    "D": {
        "precision": 0.0,
        "recall": 0.0,
        "f1-score": 0.0,
        "support": 64
    },
    "OM": {
        "precision": 0.31216931216931215,
        "recall": 0.6781609195402298,
        "f1-score": 0.4275362318840579,
        "support": 87
    },
    "accuracy": 0.39737991266375544,
    "macro avg": {
        "precision": 0.34856889324427714,
        "recall": 0.38509595506618577,
        "f1-score": 0.35073845075092147,
        "support": 458
    },
    "weighted avg": {
        "precision": 0.3620365498810086,
        "recall": 0.39737991266375544,
        "f1-score": 0.3643089771378823,
        "support": 458
    }
}