{
    "LMA": {
        "precision": 0.12935323383084577,
        "recall": 1.0,
        "f1-score": 0.22907488986784139,
        "support": 52
    },
    "LAD": {
        "precision": 0.45,
        "recall": 0.07758620689655173,
        "f1-score": 0.13235294117647056,
        "support": 116
    },
    "LCX": {
        "precision": 0.5,
        "recall": 0.007194244604316547,
        "f1-score": 0.014184397163120569,
        "support": 139
    },
    "D": {
        "precision": 0.0,
        "recall": 0.0,
        "f1-score": 0.0,
        "support": 64
    },
    "OM": {
        "precision": 0.38235294117647056,
        "recall": 0.14942528735632185,
        "f1-score": 0.21487603305785122,
        "support": 87
    },
    "accuracy": 0.16375545851528384,
    "macro avg": {
        "precision": 0.29234123500146325,
        "recall": 0.246841147771438,
        "f1-score": 0.11809765225305675,
        "support": 458
    },
    "weighted avg": {
        "precision": 0.3530372795667182,
        "recall": 0.16375545851528384,
        "f1-score": 0.1046521430814523,
        "support": 458
    }
}