{
    "LMA": {
        "precision": 0.20394736842105263,
        "recall": 0.5961538461538461,
        "f1-score": 0.30392156862745096,
        "support": 52
    },
    "LAD": {
        "precision": 0.0,
        "recall": 0.0,
        "f1-score": 0.0,
        "support": 116
    },
    "LCX": {
        "precision": 0.34219269102990035,
        "recall": 0.7410071942446043,
        "f1-score": 0.46818181818181814,
        "support": 139
    },
    "D": {
        "precision": 0.0,
        "recall": 0.0,
        "f1-score": 0.0,
        "support": 64
    },
    "OM": {
        "precision": 0.0,
        "recall": 0.0,
        "f1-score": 0.0,
        "support": 87
    },
    "accuracy": 0.2925764192139738,
    "macro avg": {
        "precision": 0.1092280118901906,
        "recall": 0.2674322080796901,
        "f1-score": 0.1544206773618538,
        "support": 458
    },
    "weighted avg": {
        "precision": 0.1270088367053513,
        "recall": 0.2925764192139738,
        "f1-score": 0.1765964940958519,
        "support": 458
    }
}