{
    "LMA": {
        "precision": 0.0,
        "recall": 0.0,
        "f1-score": 0.0,
        "support": 52
    },
    "LAD": {
        "precision": 0.3791208791208791,
        "recall": 0.5948275862068966,
        "f1-score": 0.46308724832214765,
        "support": 116
    },
    "LCX": {
        "precision": 0.32971014492753625,
        "recall": 0.6546762589928058,
        "f1-score": 0.4385542168674699,
        "support": 139
    },
    "D": {
        "precision": 0.0,
        "recall": 0.0,
        "f1-score": 0.0,
        "support": 64
    },
    "OM": {
        "precision": 0.0,
        "recall": 0.0,
        "f1-score": 0.0,
        "support": 87
    },
    "accuracy": 0.34934497816593885,
    "macro avg": {
        "precision": 0.14176620480968308,
        "recall": 0.2499007690399405,
        "f1-score": 0.18032829303792353,
        "support": 458
    },
    "weighted avg": {
        "precision": 0.19608675136015177,
        "recall": 0.34934497816593885,
        "f1-score": 0.2503868055675708,
        "support": 458
    }
}