{
    "LMA": {
        "precision": 0.7049180327868853,
        "recall": 0.8269230769230769,
        "f1-score": 0.7610619469026548,
        "support": 52
    },
    "LAD": {
        "precision": 0.5728155339805825,
        "recall": 0.5086206896551724,
        "f1-score": 0.5388127853881278,
        "support": 116
    },
    "LCX": {
        "precision": 0.4057971014492754,
        "recall": 0.4028776978417266,
        "f1-score": 0.404332129963899,
        "support": 139
    },
    "D": {
        "precision": 0.0,
        "recall": 0.0,
        "f1-score": 0.0,
        "support": 64
    },
    "OM": {
        "precision": 0.36538461538461536,
        "recall": 0.6551724137931034,
        "f1-score": 0.4691358024691357,
        "support": 87
    },
    "accuracy": 0.46943231441048033,
    "macro avg": {
        "precision": 0.4097830567202717,
        "recall": 0.47871877564261583,
        "f1-score": 0.43466853294476343,
        "support": 458
    },
    "weighted avg": {
        "precision": 0.4176781621977651,
        "recall": 0.46943231441048033,
        "f1-score": 0.4347041162090778,
        "support": 458
    }
}