{
    "LMA": {
        "precision": 0.0,
        "recall": 0.0,
        "f1-score": 0.0,
        "support": 52
    },
    "LAD": {
        "precision": 0.37823834196891193,
        "recall": 0.6293103448275862,
        "f1-score": 0.47249190938511326,
        "support": 116
    },
    "LCX": {
        "precision": 0.32038834951456313,
        "recall": 0.23741007194244604,
        "f1-score": 0.2727272727272727,
        "support": 139
    },
    "D": {
        "precision": 0.0,
        "recall": 0.0,
        "f1-score": 0.0,
        "support": 64
    },
    "OM": {
        "precision": 0.3765432098765432,
        "recall": 0.7011494252873564,
        "f1-score": 0.4899598393574297,
        "support": 87
    },
    "accuracy": 0.3646288209606987,
    "macro avg": {
        "precision": 0.21503398027200368,
        "recall": 0.3135739684114777,
        "f1-score": 0.24703580429396316,
        "support": 458
    },
    "weighted avg": {
        "precision": 0.26456088976021247,
        "recall": 0.3646288209606987,
        "f1-score": 0.29551235463288306,
        "support": 458
    }
}