{
    "LMA": {
        "precision": 0.0,
        "recall": 0.0,
        "f1-score": 0.0,
        "support": 52
    },
    "LAD": {
        "precision": 0.3459915611814346,
        "recall": 0.7068965517241379,
        "f1-score": 0.46458923512747874,
        "support": 116
    },
    "LCX": {
        "precision": 0.35294117647058826,
        "recall": 0.5611510791366906,
        "f1-score": 0.43333333333333335,
        "support": 139
    },
    "D": {
        "precision": 0.0,
        "recall": 0.0,
        "f1-score": 0.0,
        "support": 64
    },
    "OM": {
        "precision": 0.0,
        "recall": 0.0,
        "f1-score": 0.0,
        "support": 87
    },
    "accuracy": 0.34934497816593885,
    "macro avg": {
        "precision": 0.1397865475304046,
        "recall": 0.2536095261721657,
        "f1-score": 0.1795845136921624,
        "support": 458
    },
    "weighted avg": {
        "precision": 0.19474638564728858,
        "recall": 0.34934497816593885,
        "f1-score": 0.24918271748498008,
        "support": 458
    }
}