{
    "LMA": {
        "precision": 0.325,
        "recall": 0.25,
        "f1-score": 0.28260869565217395,
        "support": 52
    },
    "LAD": {
        "precision": 0.416,
        "recall": 0.4482758620689655,
        "f1-score": 0.43153526970954353,
        "support": 116
    },
    "LCX": {
        "precision": 0.32978723404255317,
        "recall": 0.6690647482014388,
        "f1-score": 0.4418052256532066,
        "support": 139
    },
    "D": {
        "precision": 0.0,
        "recall": 0.0,
        "f1-score": 0.0,
        "support": 64
    },
    "OM": {
        "precision": 0.0,
        "recall": 0.0,
        "f1-score": 0.0,
        "support": 87
    },
    "accuracy": 0.34497816593886466,
    "macro avg": {
        "precision": 0.21415744680851062,
        "recall": 0.2734681220540809,
        "f1-score": 0.2311898382029848,
        "support": 458
    },
    "weighted avg": {
        "precision": 0.24235027408715043,
        "recall": 0.34497816593886466,
        "f1-score": 0.2754687114105149,
        "support": 458
    }
}