{
    "LMA": {
        "precision": 0.8076923076923077,
        "recall": 0.40384615384615385,
        "f1-score": 0.5384615384615384,
        "support": 52
    },
    "LAD": {
        "precision": 0.5573770491803278,
        "recall": 0.5862068965517241,
        "f1-score": 0.5714285714285715,
        "support": 116
    },
    "LCX": {
        "precision": 0.35714285714285715,
        "recall": 0.7913669064748201,
        "f1-score": 0.4921700223713646,
        "support": 139
    },
    "D": {
        "precision": 0.0,
        "recall": 0.0,
        "f1-score": 0.0,
        "support": 64
    },
    "OM": {
        "precision": 0.5,
        "recall": 0.011494252873563218,
        "f1-score": 0.02247191011235955,
        "support": 87
    },
    "accuracy": 0.4366812227074236,
    "macro avg": {
        "precision": 0.4444424428030985,
        "recall": 0.3585828419492523,
        "f1-score": 0.3249064084747668,
        "support": 458
    },
    "weighted avg": {
        "precision": 0.436241473466758,
        "recall": 0.4366812227074236,
        "f1-score": 0.35950306457447434,
        "support": 458
    }
}