{
    "LMA": {
        "precision": 0.24358974358974358,
        "recall": 0.36538461538461536,
        "f1-score": 0.2923076923076923,
        "support": 52
    },
    "LAD": {
        "precision": 0.40404040404040403,
        "recall": 0.3448275862068966,
        "f1-score": 0.372093023255814,
        "support": 116
    },
    "LCX": {
        "precision": 0.33451957295373663,
        "recall": 0.6762589928057554,
        "f1-score": 0.4476190476190476,
        "support": 139
    },
    "D": {
        "precision": 0.0,
        "recall": 0.0,
        "f1-score": 0.0,
        "support": 64
    },
    "OM": {
        "precision": 0.0,
        "recall": 0.0,
        "f1-score": 0.0,
        "support": 87
    },
    "accuracy": 0.33406113537117904,
    "macro avg": {
        "precision": 0.19642994411677686,
        "recall": 0.2772942388794535,
        "f1-score": 0.22240395263651078,
        "support": 458
    },
    "weighted avg": {
        "precision": 0.23151435409590157,
        "recall": 0.33406113537117904,
        "f1-score": 0.2632791229622752,
        "support": 458
    }
}