{
    "LMA": {
        "precision": 0.0,
        "recall": 0.0,
        "f1-score": 0.0,
        "support": 50
    },
    "LAD": {
        "precision": 0.40816326530612246,
        "recall": 0.5825242718446602,
        "f1-score": 0.48,
        "support": 103
    },
    "LCX": {
        "precision": 0.32608695652173914,
        "recall": 0.36885245901639346,
        "f1-score": 0.3461538461538462,
        "support": 122
    },
    "D": {
        "precision": 0.0,
        "recall": 0.0,
        "f1-score": 0.0,
        "support": 55
    },
    "OM": {
        "precision": 0.3565217391304348,
        "recall": 0.5857142857142857,
        "f1-score": 0.4432432432432432,
        "support": 70
    },
    "accuracy": 0.365,
    "macro avg": {
        "precision": 0.21815439219165927,
        "recall": 0.3074182033150679,
        "f1-score": 0.25387941787941787,
        "support": 400
    },
    "weighted avg": {
        "precision": 0.26694986690328304,
        "recall": 0.365,
        "f1-score": 0.30674449064449066,
        "support": 400
    }
}