{
    "LMA": {
        "precision": 0.0,
        "recall": 0.0,
        "f1-score": 0.0,
        "support": 51
    },
    "LAD": {
        "precision": 0.40993788819875776,
        "recall": 0.6111111111111112,
        "f1-score": 0.4907063197026022,
        "support": 108
    },
    "LCX": {
        "precision": 0.34558823529411764,
        "recall": 0.36153846153846153,
        "f1-score": 0.3533834586466166,
        "support": 130
    },
    "D": {
        "precision": 0.0,
        "recall": 0.0,
        "f1-score": 0.0,
        "support": 59
    },
    "OM": {
        "precision": 0.36507936507936506,
        "recall": 0.6133333333333333,
        "f1-score": 0.45771144278606957,
        "support": 75
    },
    "accuracy": 0.375886524822695,
    "macro avg": {
        "precision": 0.2241210977144481,
        "recall": 0.31719658119658123,
        "f1-score": 0.26036024422705767,
        "support": 423
    },
    "weighted avg": {
        "precision": 0.27560452693771514,
        "recall": 0.375886524822695,
        "f1-score": 0.31504607650330124,
        "support": 423
    }
}