{
    "LMA": {
        "precision": 0.19072164948453607,
        "recall": 0.7115384615384616,
        "f1-score": 0.30081300813008127,
        "support": 52
    },
    "LAD": {
        "precision": 0.3541666666666667,
        "recall": 0.2905982905982906,
        "f1-score": 0.31924882629107987,
        "support": 117
    },
    "LCX": {
        "precision": 0.36875,
        "recall": 0.44029850746268656,
        "f1-score": 0.40136054421768713,
        "support": 134
    },
    "D": {
        "precision": 0.0,
        "recall": 0.0,
        "f1-score": 0.0,
        "support": 65
    },
    "OM": {
        "precision": 0.0,
        "recall": 0.0,
        "f1-score": 0.0,
        "support": 82
    },
    "accuracy": 0.28888888888888886,
    "macro avg": {
        "precision": 0.18272766323024056,
        "recall": 0.28848705191988777,
        "f1-score": 0.20428447572776967,
        "support": 450
    },
    "weighted avg": {
        "precision": 0.22392783505154637,
        "recall": 0.28888888888888886,
        "f1-score": 0.23728156005331255,
        "support": 450
    }
}