{
    "LMA": {
        "precision": 0.0,
        "recall": 0.0,
        "f1-score": 0.0,
        "support": 49
    },
    "LAD": {
        "precision": 0.4097222222222222,
        "recall": 0.5784313725490197,
        "f1-score": 0.4796747967479675,
        "support": 102
    },
    "LCX": {
        "precision": 0.3237410071942446,
        "recall": 0.371900826446281,
        "f1-score": 0.34615384615384615,
        "support": 121
    },
    "D": {
        "precision": 0.0,
        "recall": 0.0,
        "f1-score": 0.0,
        "support": 53
    },
    "OM": {
        "precision": 0.35454545454545455,
        "recall": 0.5735294117647058,
        "f1-score": 0.43820224719101125,
        "support": 68
    },
    "accuracy": 0.3638676844783715,
    "macro avg": {
        "precision": 0.2176017367923843,
        "recall": 0.3047723221520013,
        "f1-score": 0.252806178018565,
        "support": 393
    },
    "weighted avg": {
        "precision": 0.2673623904485017,
        "recall": 0.3638676844783715,
        "f1-score": 0.306893632218567,
        "support": 393
    }
}