{
    "LMA": {
        "precision": 0.4375,
        "recall": 0.1346153846153846,
        "f1-score": 0.2058823529411765,
        "support": 52
    },
    "LAD": {
        "precision": 0.41509433962264153,
        "recall": 0.5641025641025641,
        "f1-score": 0.4782608695652174,
        "support": 117
    },
    "LCX": {
        "precision": 0.29411764705882354,
        "recall": 0.07462686567164178,
        "f1-score": 0.11904761904761904,
        "support": 134
    },
    "D": {
        "precision": 0.0,
        "recall": 0.0,
        "f1-score": 0.0,
        "support": 65
    },
    "OM": {
        "precision": 0.3029045643153527,
        "recall": 0.8902439024390244,
        "f1-score": 0.4520123839009288,
        "support": 82
    },
    "accuracy": 0.3466666666666667,
    "macro avg": {
        "precision": 0.28992331019936357,
        "recall": 0.332717743365723,
        "f1-score": 0.25104064509098833,
        "support": 450
    },
    "weighted avg": {
        "precision": 0.3012577260346452,
        "recall": 0.3466666666666667,
        "f1-score": 0.26595511227628604,
        "support": 450
    }
}