{
    "LMA": {
        "precision": 0.0,
        "recall": 0.0,
        "f1-score": 0.0,
        "support": 52
    },
    "LAD": {
        "precision": 0.345679012345679,
        "recall": 0.717948717948718,
        "f1-score": 0.4666666666666667,
        "support": 117
    },
    "LCX": {
        "precision": 0.34299516908212563,
        "recall": 0.5298507462686567,
        "f1-score": 0.41642228739002934,
        "support": 134
    },
    "D": {
        "precision": 0.0,
        "recall": 0.0,
        "f1-score": 0.0,
        "support": 65
    },
    "OM": {
        "precision": 0.0,
        "recall": 0.0,
        "f1-score": 0.0,
        "support": 82
    },
    "accuracy": 0.34444444444444444,
    "macro avg": {
        "precision": 0.1377348362855609,
        "recall": 0.24955989284347493,
        "f1-score": 0.1766177908113392,
        "support": 450
    },
    "weighted avg": {
        "precision": 0.19201288244766507,
        "recall": 0.34444444444444444,
        "f1-score": 0.24533463668947542,
        "support": 450
    }
}