{
    "LMA": {
        "precision": 0.0,
        "recall": 0.0,
        "f1-score": 0.0,
        "support": 52
    },
    "LAD": {
        "precision": 0.35877862595419846,
        "recall": 0.4017094017094017,
        "f1-score": 0.3790322580645162,
        "support": 117
    },
    "LCX": {
        "precision": 0.3069306930693069,
        "recall": 0.6940298507462687,
        "f1-score": 0.425629290617849,
        "support": 134
    },
    "D": {
        "precision": 0.0,
        "recall": 0.0,
        "f1-score": 0.0,
        "support": 65
    },
    "OM": {
        "precision": 0.125,
        "recall": 0.024390243902439025,
        "f1-score": 0.04081632653061225,
        "support": 82
    },
    "accuracy": 0.31555555555555553,
    "macro avg": {
        "precision": 0.15814186380470108,
        "recall": 0.2240258992716219,
        "f1-score": 0.16909557504259548,
        "support": 450
    },
    "weighted avg": {
        "precision": 0.2074573602398408,
        "recall": 0.31555555555555553,
        "f1-score": 0.23272897313744526,
        "support": 450
    }
}