{
    "LMA": {
        "precision": 0.0,
        "recall": 0.0,
        "f1-score": 0.0,
        "support": 52
    },
    "LAD": {
        "precision": 0.37777777777777777,
        "recall": 0.4358974358974359,
        "f1-score": 0.40476190476190477,
        "support": 117
    },
    "LCX": {
        "precision": 0.32051282051282054,
        "recall": 0.746268656716418,
        "f1-score": 0.4484304932735426,
        "support": 134
    },
    "D": {
        "precision": 0.0,
        "recall": 0.0,
        "f1-score": 0.0,
        "support": 65
    },
    "OM": {
        "precision": 0.0,
        "recall": 0.0,
        "f1-score": 0.0,
        "support": 82
    },
    "accuracy": 0.33555555555555555,
    "macro avg": {
        "precision": 0.13965811965811964,
        "recall": 0.2364332185227708,
        "f1-score": 0.1706384796070895,
        "support": 450
    },
    "weighted avg": {
        "precision": 0.19366381766381766,
        "recall": 0.33555555555555555,
        "f1-score": 0.23877073101288349,
        "support": 450
    }
}