{
    "LMA": {
        "precision": 0.0,
        "recall": 0.0,
        "f1-score": 0.0,
        "support": 49
    },
    "LAD": {
        "precision": 0.40714285714285714,
        "recall": 0.5876288659793815,
        "f1-score": 0.4810126582278481,
        "support": 97
    },
    "LCX": {
        "precision": 0.3023255813953488,
        "recall": 0.34513274336283184,
        "f1-score": 0.32231404958677684,
        "support": 113
    },
    "D": {
        "precision": 0.0,
        "recall": 0.0,
        "f1-score": 0.0,
        "support": 51
    },
    "OM": {
        "precision": 0.33980582524271846,
        "recall": 0.5645161290322581,
        "f1-score": 0.4242424242424243,
        "support": 62
    },
    "accuracy": 0.3521505376344086,
    "macro avg": {
        "precision": 0.2098548527561849,
        "recall": 0.29945554767489424,
        "f1-score": 0.24551382641140984,
        "support": 372
    },
    "weighted avg": {
        "precision": 0.254633357541882,
        "recall": 0.3521505376344086,
        "f1-score": 0.2940396391248316,
        "support": 372
    }
}