{
    "LMA": {
        "precision": 0.0,
        "recall": 0.0,
        "f1-score": 0.0,
        "support": 49
    },
    "LAD": {
        "precision": 0.41134751773049644,
        "recall": 0.5686274509803921,
        "f1-score": 0.4773662551440329,
        "support": 102
    },
    "LCX": {
        "precision": 0.32116788321167883,
        "recall": 0.3697478991596639,
        "f1-score": 0.34375,
        "support": 119
    },
    "D": {
        "precision": 0.0,
        "recall": 0.0,
        "f1-score": 0.0,
        "support": 52
    },
    "OM": {
        "precision": 0.3425925925925926,
        "recall": 0.578125,
        "f1-score": 0.4302325581395349,
        "support": 64
    },
    "accuracy": 0.3601036269430052,
    "macro avg": {
        "precision": 0.21502159870695356,
        "recall": 0.3033000700280112,
        "f1-score": 0.2502697626567136,
        "support": 386
    },
    "weighted avg": {
        "precision": 0.2645138622710527,
        "recall": 0.3601036269430052,
        "f1-score": 0.3034520511544601,
        "support": 386
    }
}