{
    "LMA": {
        "precision": 0.0,
        "recall": 0.0,
        "f1-score": 0.0,
        "support": 52
    },
    "LAD": {
        "precision": 0.40963855421686746,
        "recall": 0.5811965811965812,
        "f1-score": 0.480565371024735,
        "support": 117
    },
    "LCX": {
        "precision": 0.3356164383561644,
        "recall": 0.3656716417910448,
        "f1-score": 0.35,
        "support": 134
    },
    "D": {
        "precision": 0.0,
        "recall": 0.0,
        "f1-score": 0.0,
        "support": 65
    },
    "OM": {
        "precision": 0.35507246376811596,
        "recall": 0.5975609756097561,
        "f1-score": 0.44545454545454544,
        "support": 82
    },
    "accuracy": 0.3688888888888889,
    "macro avg": {
        "precision": 0.22006549126822955,
        "recall": 0.3088858397194764,
        "f1-score": 0.25520398329585603,
        "support": 450
    },
    "weighted avg": {
        "precision": 0.27114723469352225,
        "recall": 0.3688888888888889,
        "f1-score": 0.31034093586037054,
        "support": 450
    }
}