{
    "LMA": {
        "precision": 0.0,
        "recall": 0.0,
        "f1-score": 0.0,
        "support": 51
    },
    "LAD": {
        "precision": 0.4161073825503356,
        "recall": 0.5961538461538461,
        "f1-score": 0.49011857707509887,
        "support": 104
    },
    "LCX": {
        "precision": 0.3333333333333333,
        "recall": 0.37398373983739835,
        "f1-score": 0.3524904214559387,
        "support": 123
    },
    "D": {
        "precision": 0.0,
        "recall": 0.0,
        "f1-score": 0.0,
        "support": 56
    },
    "OM": {
        "precision": 0.36134453781512604,
        "recall": 0.5972222222222222,
        "f1-score": 0.450261780104712,
        "support": 72
    },
    "accuracy": 0.37192118226600984,
    "macro avg": {
        "precision": 0.222157050739759,
        "recall": 0.3134719616426933,
        "f1-score": 0.2585741557271499,
        "support": 406
    },
    "weighted avg": {
        "precision": 0.27165510962542855,
        "recall": 0.37192118226600984,
        "f1-score": 0.31218596557248773,
        "support": 406
    }
}