{
    "LMA": {
        "precision": 0.0,
        "recall": 0.0,
        "f1-score": 0.0,
        "support": 52
    },
    "LAD": {
        "precision": 0.41358024691358025,
        "recall": 0.5877192982456141,
        "f1-score": 0.48550724637681164,
        "support": 114
    },
    "LCX": {
        "precision": 0.3357142857142857,
        "recall": 0.35877862595419846,
        "f1-score": 0.34686346863468637,
        "support": 131
    },
    "D": {
        "precision": 0.0,
        "recall": 0.0,
        "f1-score": 0.0,
        "support": 59
    },
    "OM": {
        "precision": 0.36363636363636365,
        "recall": 0.6153846153846154,
        "f1-score": 0.4571428571428572,
        "support": 78
    },
    "accuracy": 0.37327188940092165,
    "macro avg": {
        "precision": 0.2225861792528459,
        "recall": 0.3123765079168856,
        "f1-score": 0.2579027144308711,
        "support": 434
    },
    "weighted avg": {
        "precision": 0.2753234007842303,
        "recall": 0.37327188940092165,
        "f1-score": 0.3143872887908832,
        "support": 434
    }
}