{
    "LMA": {
        "precision": 0.0,
        "recall": 0.0,
        "f1-score": 0.0,
        "support": 51
    },
    "LAD": {
        "precision": 0.40993788819875776,
        "recall": 0.6055045871559633,
        "f1-score": 0.4888888888888889,
        "support": 109
    },
    "LCX": {
        "precision": 0.34558823529411764,
        "recall": 0.35877862595419846,
        "f1-score": 0.352059925093633,
        "support": 131
    },
    "D": {
        "precision": 0.0,
        "recall": 0.0,
        "f1-score": 0.0,
        "support": 59
    },
    "OM": {
        "precision": 0.36923076923076925,
        "recall": 0.6233766233766234,
        "f1-score": 0.463768115942029,
        "support": 77
    },
    "accuracy": 0.3770491803278688,
    "macro avg": {
        "precision": 0.22495137854472894,
        "recall": 0.317531967297357,
        "f1-score": 0.2609433859849102,
        "support": 427
    },
    "weighted avg": {
        "precision": 0.2772507210022558,
        "recall": 0.3770491803278688,
        "f1-score": 0.3164376674559509,
        "support": 427
    }
}