{
    "LMA": {
        "precision": 0.375,
        "recall": 0.057692307692307696,
        "f1-score": 0.09999999999999999,
        "support": 52
    },
    "LAD": {
        "precision": 0.4392523364485981,
        "recall": 0.4017094017094017,
        "f1-score": 0.41964285714285715,
        "support": 117
    },
    "LCX": {
        "precision": 0.31,
        "recall": 0.6940298507462687,
        "f1-score": 0.4285714285714286,
        "support": 134
    },
    "D": {
        "precision": 0.0,
        "recall": 0.0,
        "f1-score": 0.0,
        "support": 65
    },
    "OM": {
        "precision": 0.3142857142857143,
        "recall": 0.13414634146341464,
        "f1-score": 0.18803418803418806,
        "support": 82
    },
    "accuracy": 0.3422222222222222,
    "macro avg": {
        "precision": 0.28770761014686247,
        "recall": 0.25751558032227856,
        "f1-score": 0.22724969474969478,
        "support": 450
    },
    "weighted avg": {
        "precision": 0.3071198931909212,
        "recall": 0.3422222222222222,
        "f1-score": 0.28254575362908696,
        "support": 450
    }
}