{
    "LMA": {
        "precision": 0.0,
        "recall": 0.0,
        "f1-score": 0.0,
        "support": 52
    },
    "LAD": {
        "precision": 0.35080645161290325,
        "recall": 0.7435897435897436,
        "f1-score": 0.47671232876712333,
        "support": 117
    },
    "LCX": {
        "precision": 0.3103448275862069,
        "recall": 0.40298507462686567,
        "f1-score": 0.35064935064935066,
        "support": 134
    },
    "D": {
        "precision": 0.0,
        "recall": 0.0,
        "f1-score": 0.0,
        "support": 65
    },
    "OM": {
        "precision": 0.21428571428571427,
        "recall": 0.07317073170731707,
        "f1-score": 0.1090909090909091,
        "support": 82
    },
    "accuracy": 0.32666666666666666,
    "macro avg": {
        "precision": 0.17508739869696488,
        "recall": 0.2439491099847853,
        "f1-score": 0.18729051770147662,
        "support": 450
    },
    "weighted avg": {
        "precision": 0.22267108957042217,
        "recall": 0.32666666666666666,
        "f1-score": 0.24823957777382438,
        "support": 450
    }
}