{
    "LMA": {
        "precision": 0.0,
        "recall": 0.0,
        "f1-score": 0.0,
        "support": 52
    },
    "LAD": {
        "precision": 0.35185185185185186,
        "recall": 0.811965811965812,
        "f1-score": 0.49095607235142125,
        "support": 117
    },
    "LCX": {
        "precision": 0.35555555555555557,
        "recall": 0.47761194029850745,
        "f1-score": 0.40764331210191085,
        "support": 134
    },
    "D": {
        "precision": 0.0,
        "recall": 0.0,
        "f1-score": 0.0,
        "support": 65
    },
    "OM": {
        "precision": 0.0,
        "recall": 0.0,
        "f1-score": 0.0,
        "support": 82
    },
    "accuracy": 0.35333333333333333,
    "macro avg": {
        "precision": 0.14148148148148149,
        "recall": 0.2579155504528639,
        "f1-score": 0.17971987689066643,
        "support": 450
    },
    "weighted avg": {
        "precision": 0.19735802469135802,
        "recall": 0.35333333333333333,
        "f1-score": 0.24903569841504963,
        "support": 450
    }
}