{
    "LMA": {
        "precision": 0.0,
        "recall": 0.0,
        "f1-score": 0.0,
        "support": 51
    },
    "LAD": {
        "precision": 0.4088050314465409,
        "recall": 0.6074766355140186,
        "f1-score": 0.4887218045112783,
        "support": 107
    },
    "LCX": {
        "precision": 0.3358208955223881,
        "recall": 0.35714285714285715,
        "f1-score": 0.34615384615384615,
        "support": 126
    },
    "D": {
        "precision": 0.0,
        "recall": 0.0,
        "f1-score": 0.0,
        "support": 58
    },
    "OM": {
        "precision": 0.35537190082644626,
        "recall": 0.5972222222222222,
        "f1-score": 0.44559585492227977,
        "support": 72
    },
    "accuracy": 0.3695652173913043,
    "macro avg": {
        "precision": 0.21999956555907504,
        "recall": 0.3123683429758196,
        "f1-score": 0.2560943011174809,
        "support": 414
    },
    "weighted avg": {
        "precision": 0.26966750739155776,
        "recall": 0.3695652173913043,
        "f1-score": 0.30915825906399885,
        "support": 414
    }
}