{
    "LMA": {
        "precision": 0.3404255319148936,
        "recall": 0.3076923076923077,
        "f1-score": 0.3232323232323232,
        "support": 52
    },
    "LAD": {
        "precision": 0.36507936507936506,
        "recall": 0.19658119658119658,
        "f1-score": 0.25555555555555554,
        "support": 117
    },
    "LCX": {
        "precision": 0.2887700534759358,
        "recall": 0.40298507462686567,
        "f1-score": 0.3364485981308411,
        "support": 134
    },
    "D": {
        "precision": 0.0,
        "recall": 0.0,
        "f1-score": 0.0,
        "support": 65
    },
    "OM": {
        "precision": 0.3333333333333333,
        "recall": 0.6219512195121951,
        "f1-score": 0.4340425531914893,
        "support": 82
    },
    "accuracy": 0.32,
    "macro avg": {
        "precision": 0.26552165676070555,
        "recall": 0.30584195968251304,
        "f1-score": 0.26985580602204184,
        "support": 450
    },
    "weighted avg": {
        "precision": 0.28098874193993095,
        "recall": 0.32,
        "f1-score": 0.2830748495984792,
        "support": 450
    }
}