{
    "LMA": {
        "precision": 0.0,
        "recall": 0.0,
        "f1-score": 0.0,
        "support": 53
    },
    "LAD": {
        "precision": 0.25961538461538464,
        "recall": 0.23076923076923078,
        "f1-score": 0.24434389140271495,
        "support": 117
    },
    "LCX": {
        "precision": 0.31444759206798867,
        "recall": 0.8043478260869565,
        "f1-score": 0.45213849287169033,
        "support": 138
    },
    "D": {
        "precision": 0.0,
        "recall": 0.0,
        "f1-score": 0.0,
        "support": 64
    },
    "OM": {
        "precision": 0.0,
        "recall": 0.0,
        "f1-score": 0.0,
        "support": 85
    },
    "accuracy": 0.30196936542669583,
    "macro avg": {
        "precision": 0.11481259533667468,
        "recall": 0.20702341137123748,
        "f1-score": 0.13929647685488106,
        "support": 457
    },
    "weighted avg": {
        "precision": 0.16141962298770776,
        "recall": 0.30196936542669583,
        "f1-score": 0.19908828733131492,
        "support": 457
    }
}