{
    "LMA": {
        "precision": 0.0,
        "recall": 0.0,
        "f1-score": 0.0,
        "support": 53
    },
    "LAD": {
        "precision": 0.4326241134751773,
        "recall": 0.5213675213675214,
        "f1-score": 0.47286821705426363,
        "support": 117
    },
    "LCX": {
        "precision": 0.25961538461538464,
        "recall": 0.1956521739130435,
        "f1-score": 0.2231404958677686,
        "support": 138
    },
    "D": {
        "precision": 0.0,
        "recall": 0.0,
        "f1-score": 0.0,
        "support": 64
    },
    "OM": {
        "precision": 0.3915094339622642,
        "recall": 0.9764705882352941,
        "f1-score": 0.5589225589225589,
        "support": 85
    },
    "accuracy": 0.3741794310722101,
    "macro avg": {
        "precision": 0.21674978641056525,
        "recall": 0.33869805670317177,
        "f1-score": 0.25098625436891825,
        "support": 457
    },
    "weighted avg": {
        "precision": 0.2619742806133726,
        "recall": 0.3741794310722101,
        "f1-score": 0.29240128519369457,
        "support": 457
    }
}