{
    "LMA": {
        "precision": 0.0,
        "recall": 0.0,
        "f1-score": 0.0,
        "support": 53
    },
    "LAD": {
        "precision": 0.3624161073825503,
        "recall": 0.46153846153846156,
        "f1-score": 0.4060150375939849,
        "support": 117
    },
    "LCX": {
        "precision": 0.3854166666666667,
        "recall": 0.26811594202898553,
        "f1-score": 0.3162393162393163,
        "support": 138
    },
    "D": {
        "precision": 0.0,
        "recall": 0.0,
        "f1-score": 0.0,
        "support": 64
    },
    "OM": {
        "precision": 0.3915094339622642,
        "recall": 0.9764705882352941,
        "f1-score": 0.5589225589225589,
        "support": 85
    },
    "accuracy": 0.38074398249452956,
    "macro avg": {
        "precision": 0.22786844160229625,
        "recall": 0.34122499836054826,
        "f1-score": 0.256235382551172,
        "support": 457
    },
    "weighted avg": {
        "precision": 0.28198793534037386,
        "recall": 0.38074398249452956,
        "f1-score": 0.3033986926650752,
        "support": 457
    }
}