{
    "LMA": {
        "precision": 0.0,
        "recall": 0.0,
        "f1-score": 0.0,
        "support": 53
    },
    "LAD": {
        "precision": 0.2647058823529412,
        "recall": 0.23076923076923078,
        "f1-score": 0.24657534246575344,
        "support": 117
    },
    "LCX": {
        "precision": 0.3126760563380282,
        "recall": 0.8043478260869565,
        "f1-score": 0.4503042596348885,
        "support": 138
    },
    "D": {
        "precision": 0.0,
        "recall": 0.0,
        "f1-score": 0.0,
        "support": 64
    },
    "OM": {
        "precision": 0.0,
        "recall": 0.0,
        "f1-score": 0.0,
        "support": 85
    },
    "accuracy": 0.30196936542669583,
    "macro avg": {
        "precision": 0.11547638773819387,
        "recall": 0.20702341137123748,
        "f1-score": 0.1393759204201284,
        "support": 457
    },
    "weighted avg": {
        "precision": 0.1621879299998731,
        "recall": 0.30196936542669583,
        "f1-score": 0.19910569561949182,
        "support": 457
    }
}