{
    "LMA": {
        "precision": 0.0,
        "recall": 0.0,
        "f1-score": 0.0,
        "support": 53
    },
    "LAD": {
        "precision": 0.34854771784232363,
        "recall": 0.717948717948718,
        "f1-score": 0.4692737430167598,
        "support": 117
    },
    "LCX": {
        "precision": 0.0,
        "recall": 0.0,
        "f1-score": 0.0,
        "support": 138
    },
    "D": {
        "precision": 0.0,
        "recall": 0.0,
        "f1-score": 0.0,
        "support": 64
    },
    "OM": {
        "precision": 0.3915094339622642,
        "recall": 0.9764705882352941,
        "f1-score": 0.5589225589225589,
        "support": 85
    },
    "accuracy": 0.36542669584245074,
    "macro avg": {
        "precision": 0.14801143036091755,
        "recall": 0.3388838612368024,
        "f1-score": 0.20563926038786376,
        "support": 457
    },
    "weighted avg": {
        "precision": 0.16205335858718667,
        "recall": 0.36542669584245074,
        "f1-score": 0.22409944297894618,
        "support": 457
    }
}