{
    "LMA": {
        "precision": 0.0,
        "recall": 0.0,
        "f1-score": 0.0,
        "support": 53
    },
    "LAD": {
        "precision": 0.25,
        "recall": 0.02564102564102564,
        "f1-score": 0.04651162790697674,
        "support": 117
    },
    "LCX": {
        "precision": 0.30112359550561796,
        "recall": 0.9710144927536232,
        "f1-score": 0.4596912521440823,
        "support": 138
    },
    "D": {
        "precision": 0.0,
        "recall": 0.0,
        "f1-score": 0.0,
        "support": 64
    },
    "OM": {
        "precision": 0.0,
        "recall": 0.0,
        "f1-score": 0.0,
        "support": 85
    },
    "accuracy": 0.29978118161925604,
    "macro avg": {
        "precision": 0.1102247191011236,
        "recall": 0.19933110367892976,
        "f1-score": 0.10124057601021182,
        "support": 457
    },
    "weighted avg": {
        "precision": 0.15493447741745137,
        "recall": 0.29978118161925604,
        "f1-score": 0.15072046665426617,
        "support": 457
    }
}