{
    "LMA": {
        "precision": 0.0,
        "recall": 0.0,
        "f1-score": 0.0,
        "support": 53
    },
    "LAD": {
        "precision": 0.25961538461538464,
        "recall": 0.23076923076923078,
        "f1-score": 0.24434389140271495,
        "support": 117
    },
    "LCX": {
        "precision": 0.08888888888888889,
        "recall": 0.028985507246376812,
        "f1-score": 0.04371584699453552,
        "support": 138
    },
    "D": {
        "precision": 0.0,
        "recall": 0.0,
        "f1-score": 0.0,
        "support": 64
    },
    "OM": {
        "precision": 0.275974025974026,
        "recall": 1.0,
        "f1-score": 0.4325699745547074,
        "support": 85
    },
    "accuracy": 0.2538293216630197,
    "macro avg": {
        "precision": 0.12489565989565991,
        "recall": 0.25195094760312153,
        "f1-score": 0.14412594259039158,
        "support": 457
    },
    "weighted avg": {
        "precision": 0.14463776558962557,
        "recall": 0.2538293216630197,
        "f1-score": 0.15621328231184614,
        "support": 457
    }
}