{
    "LMA": {
        "precision": 0.0,
        "recall": 0.0,
        "f1-score": 0.0,
        "support": 53
    },
    "LAD": {
        "precision": 0.0,
        "recall": 0.0,
        "f1-score": 0.0,
        "support": 117
    },
    "LCX": {
        "precision": 0.30376940133037694,
        "recall": 0.9927536231884058,
        "f1-score": 0.46519524617996605,
        "support": 138
    },
    "D": {
        "precision": 0.0,
        "recall": 0.0,
        "f1-score": 0.0,
        "support": 64
    },
    "OM": {
        "precision": 0.0,
        "recall": 0.0,
        "f1-score": 0.0,
        "support": 85
    },
    "accuracy": 0.29978118161925604,
    "macro avg": {
        "precision": 0.06075388026607539,
        "recall": 0.19855072463768114,
        "f1-score": 0.09303904923599321,
        "support": 457
    },
    "weighted avg": {
        "precision": 0.09172905335578123,
        "recall": 0.29978118161925604,
        "f1-score": 0.1404747132884799,
        "support": 457
    }
}