{
    "LMA": {
        "precision": 0.0,
        "recall": 0.0,
        "f1-score": 0.0,
        "support": 53
    },
    "LAD": {
        "precision": 0.305,
        "recall": 0.5213675213675214,
        "f1-score": 0.3848580441640378,
        "support": 117
    },
    "LCX": {
        "precision": 0.08888888888888889,
        "recall": 0.028985507246376812,
        "f1-score": 0.04371584699453552,
        "support": 138
    },
    "D": {
        "precision": 0.0,
        "recall": 0.0,
        "f1-score": 0.0,
        "support": 64
    },
    "OM": {
        "precision": 0.3915094339622642,
        "recall": 0.9764705882352941,
        "f1-score": 0.5589225589225589,
        "support": 85
    },
    "accuracy": 0.3238512035010941,
    "macro avg": {
        "precision": 0.15707966457023062,
        "recall": 0.3053647233698385,
        "f1-score": 0.19749929001622646,
        "support": 457
    },
    "weighted avg": {
        "precision": 0.17774610186752543,
        "recall": 0.3238512035010941,
        "f1-score": 0.2156883929121572,
        "support": 457
    }
}