{
    "LMA": {
        "precision": 0.0,
        "recall": 0.0,
        "f1-score": 0.0,
        "support": 53
    },
    "LAD": {
        "precision": 0.0,
        "recall": 0.0,
        "f1-score": 0.0,
        "support": 117
    },
    "LCX": {
        "precision": 0.2785515320334262,
        "recall": 0.7246376811594203,
        "f1-score": 0.40241448692152926,
        "support": 138
    },
    "D": {
        "precision": 0.0,
        "recall": 0.0,
        "f1-score": 0.0,
        "support": 64
    },
    "OM": {
        "precision": 0.020833333333333332,
        "recall": 0.023529411764705882,
        "f1-score": 0.022099447513812157,
        "support": 85
    },
    "accuracy": 0.22319474835886213,
    "macro avg": {
        "precision": 0.0598769730733519,
        "recall": 0.14963341858482523,
        "f1-score": 0.08490278688706829,
        "support": 457
    },
    "weighted avg": {
        "precision": 0.08798893819244234,
        "recall": 0.22319474835886213,
        "f1-score": 0.12562724777646622,
        "support": 457
    }
}