{
    "LMA": {
        "precision": 0.0,
        "recall": 0.0,
        "f1-score": 0.0,
        "support": 53
    },
    "LAD": {
        "precision": 0.3624161073825503,
        "recall": 0.46153846153846156,
        "f1-score": 0.4060150375939849,
        "support": 117
    },
    "LCX": {
        "precision": 0.3474025974025974,
        "recall": 0.7753623188405797,
        "f1-score": 0.47982062780269064,
        "support": 138
    },
    "D": {
        "precision": 0.0,
        "recall": 0.0,
        "f1-score": 0.0,
        "support": 64
    },
    "OM": {
        "precision": 0.0,
        "recall": 0.0,
        "f1-score": 0.0,
        "support": 85
    },
    "accuracy": 0.3522975929978118,
    "macro avg": {
        "precision": 0.14196374095702952,
        "recall": 0.24738015607580827,
        "f1-score": 0.1771671330793351,
        "support": 457
    },
    "weighted avg": {
        "precision": 0.19768980963964294,
        "recall": 0.3522975929978118,
        "f1-score": 0.24883808760452417,
        "support": 457
    }
}