{
    "LMA": {
        "precision": 0.0,
        "recall": 0.0,
        "f1-score": 0.0,
        "support": 53
    },
    "LAD": {
        "precision": 0.3624161073825503,
        "recall": 0.46153846153846156,
        "f1-score": 0.4060150375939849,
        "support": 117
    },
    "LCX": {
        "precision": 0.3153153153153153,
        "recall": 0.5072463768115942,
        "f1-score": 0.3888888888888889,
        "support": 138
    },
    "D": {
        "precision": 0.13953488372093023,
        "recall": 0.1875,
        "f1-score": 0.15999999999999998,
        "support": 64
    },
    "OM": {
        "precision": 0.0,
        "recall": 0.0,
        "f1-score": 0.0,
        "support": 85
    },
    "accuracy": 0.2975929978118162,
    "macro avg": {
        "precision": 0.1634532612837592,
        "recall": 0.2312569676700112,
        "f1-score": 0.19098078529657475,
        "support": 457
    },
    "weighted avg": {
        "precision": 0.20754142370987186,
        "recall": 0.2975929978118162,
        "f1-score": 0.24378649029576127,
        "support": 457
    }
}